"participant_id","state_current","response_current","state_next","state_next_n","state_next_p"
1,0,"a",0,0,0
1,0,"a",1,0,0
1,0,"a",2,0,0
1,0,"a",3,5,1
1,0,"b",0,0,0
1,0,"b",1,0,0
1,0,"b",2,0,0
1,0,"b",3,2,1
1,1,"a",0,2,0.4
1,1,"a",1,3,0.6
1,1,"a",2,0,0
1,1,"a",3,0,0
1,1,"b",0,0,0
1,1,"b",1,3,0.5
1,1,"b",2,0,0
1,1,"b",3,3,0.5
1,2,"a",0,0,0
1,2,"a",1,0,0
1,2,"a",2,8,1
1,2,"a",3,0,0
1,2,"b",0,2,0.285714285714286
1,2,"b",1,5,0.714285714285714
1,2,"b",2,0,0
1,2,"b",3,0,0
1,3,"a",0,2,0.333333333333333
1,3,"a",1,0,0
1,3,"a",2,4,0.666666666666667
1,3,"a",3,0,0
1,3,"b",0,0,0
1,3,"b",1,0,0
1,3,"b",2,4,0.666666666666667
1,3,"b",3,2,0.333333333333333
2,0,"a",0,0,0
2,0,"a",1,0,0
2,0,"a",2,14,1
2,0,"a",3,0,0
2,0,"b",0,0,0
2,0,"b",1,0,0
2,0,"b",2,0,0
2,0,"b",3,0,0
2,1,"a",0,3,1
2,1,"a",1,0,0
2,1,"a",2,0,0
2,1,"a",3,0,0
2,1,"b",0,0,0
2,1,"b",1,0,0
2,1,"b",2,0,0
2,1,"b",3,0,0
2,2,"a",0,9,0.6
2,2,"a",1,0,0
2,2,"a",2,0,0
2,2,"a",3,6,0.4
2,2,"b",0,0,0
2,2,"b",1,0,0
2,2,"b",2,7,1
2,2,"b",3,0,0
2,3,"a",0,3,0.5
2,3,"a",1,3,0.5
2,3,"a",2,0,0
2,3,"a",3,0,0
2,3,"b",0,0,0
2,3,"b",1,0,0
2,3,"b",2,0,0
2,3,"b",3,0,0
3,0,"a",0,0,0
3,0,"a",1,0,0
3,0,"a",2,9,1
3,0,"a",3,0,0
3,0,"b",0,0,0
3,0,"b",1,0,0
3,0,"b",2,3,1
3,0,"b",3,0,0
3,1,"a",0,3,1
3,1,"a",1,0,0
3,1,"a",2,0,0
3,1,"a",3,0,0
3,1,"b",0,0,0
3,1,"b",1,0,0
3,1,"b",2,0,0
3,1,"b",3,0,0
3,2,"a",0,7,0.583333333333333
3,2,"a",1,0,0
3,2,"a",2,0,0
3,2,"a",3,5,0.416666666666667
3,2,"b",0,0,0
3,2,"b",1,0,0
3,2,"b",2,9,1
3,2,"b",3,0,0
3,3,"a",0,2,0.4
3,3,"a",1,3,0.6
3,3,"a",2,0,0
3,3,"a",3,0,0
3,3,"b",0,0,0
3,3,"b",1,0,0
3,3,"b",2,0,0
3,3,"b",3,4,1
4,0,"a",0,0,0
4,0,"a",1,0,0
4,0,"a",2,0,0
4,0,"a",3,4,1
4,0,"b",0,0,0
4,0,"b",1,0,0
4,0,"b",2,0,0
4,0,"b",3,2,1
4,1,"a",0,1,0.333333333333333
4,1,"a",1,2,0.666666666666667
4,1,"a",2,0,0
4,1,"a",3,0,0
4,1,"b",0,0,0
4,1,"b",1,4,0.571428571428571
4,1,"b",2,0,0
4,1,"b",3,3,0.428571428571429
4,2,"a",0,0,0
4,2,"a",1,0,0
4,2,"a",2,10,1
4,2,"a",3,0,0
4,2,"b",0,3,0.375
4,2,"b",1,5,0.625
4,2,"b",2,0,0
4,2,"b",3,0,0
4,3,"a",0,2,0.333333333333333
4,3,"a",1,0,0
4,3,"a",2,4,0.666666666666667
4,3,"a",3,0,0
4,3,"b",0,0,0
4,3,"b",1,0,0
4,3,"b",2,3,0.6
4,3,"b",3,2,0.4
5,0,"a",0,0,0
5,0,"a",1,0,0
5,0,"a",2,0,0
5,0,"a",3,4,1
5,0,"b",0,0,0
5,0,"b",1,0,0
5,0,"b",2,0,0
5,0,"b",3,3,1
5,1,"a",0,2,1
5,1,"a",1,0,0
5,1,"a",2,0,0
5,1,"a",3,0,0
5,1,"b",0,0,0
5,1,"b",1,4,0.666666666666667
5,1,"b",2,0,0
5,1,"b",3,2,0.333333333333333
5,2,"a",0,0,0
5,2,"a",1,0,0
5,2,"a",2,11,1
5,2,"a",3,0,0
5,2,"b",0,3,0.375
5,2,"b",1,5,0.625
5,2,"b",2,0,0
5,2,"b",3,0,0
5,3,"a",0,2,0.4
5,3,"a",1,0,0
5,3,"a",2,3,0.6
5,3,"a",3,0,0
5,3,"b",0,0,0
5,3,"b",1,0,0
5,3,"b",2,4,0.666666666666667
5,3,"b",3,2,0.333333333333333
6,0,"a",0,0,0
6,0,"a",1,0,0
6,0,"a",2,0,0
6,0,"a",3,5,1
6,0,"b",0,0,0
6,0,"b",1,0,0
6,0,"b",2,0,0
6,0,"b",3,4,1
6,1,"a",0,3,0.5
6,1,"a",1,3,0.5
6,1,"a",2,0,0
6,1,"a",3,0,0
6,1,"b",0,0,0
6,1,"b",1,0,0
6,1,"b",2,0,0
6,1,"b",3,1,1
6,2,"a",0,0,0
6,2,"a",1,0,0
6,2,"a",2,10,1
6,2,"a",3,0,0
6,2,"b",0,3,0.428571428571429
6,2,"b",1,4,0.571428571428571
6,2,"b",2,0,0
6,2,"b",3,0,0
6,3,"a",0,3,0.428571428571429
6,3,"a",1,0,0
6,3,"a",2,4,0.571428571428571
6,3,"a",3,0,0
6,3,"b",0,0,0
6,3,"b",1,0,0
6,3,"b",2,3,0.6
6,3,"b",3,2,0.4
7,0,"a",0,0,0
7,0,"a",1,0,0
7,0,"a",2,0,0
7,0,"a",3,5,1
7,0,"b",0,0,0
7,0,"b",1,0,0
7,0,"b",2,0,0
7,0,"b",3,4,1
7,1,"a",0,2,0.5
7,1,"a",1,2,0.5
7,1,"a",2,0,0
7,1,"a",3,0,0
7,1,"b",0,0,0
7,1,"b",1,4,0.571428571428571
7,1,"b",2,0,0
7,1,"b",3,3,0.428571428571429
7,2,"a",0,0,0
7,2,"a",1,0,0
7,2,"a",2,4,1
7,2,"a",3,0,0
7,2,"b",0,4,0.444444444444444
7,2,"b",1,5,0.555555555555556
7,2,"b",2,0,0
7,2,"b",3,0,0
7,3,"a",0,3,0.375
7,3,"a",1,0,0
7,3,"a",2,5,0.625
7,3,"a",3,0,0
7,3,"b",0,0,0
7,3,"b",1,0,0
7,3,"b",2,3,0.75
7,3,"b",3,1,0.25
8,0,"a",0,0,0
8,0,"a",1,0,0
8,0,"a",2,11,1
8,0,"a",3,0,0
8,0,"b",0,0,0
8,0,"b",1,0,0
8,0,"b",2,3,1
8,0,"b",3,0,0
8,1,"a",0,1,1
8,1,"a",1,0,0
8,1,"a",2,0,0
8,1,"a",3,0,0
8,1,"b",0,3,1
8,1,"b",1,0,0
8,1,"b",2,0,0
8,1,"b",3,0,0
8,2,"a",0,8,0.615384615384615
8,2,"a",1,0,0
8,2,"a",2,0,0
8,2,"a",3,5,0.384615384615385
8,2,"b",0,0,0
8,2,"b",1,0,0
8,2,"b",2,9,1
8,2,"b",3,0,0
8,3,"a",0,2,0.4
8,3,"a",1,3,0.6
8,3,"a",2,0,0
8,3,"a",3,0,0
8,3,"b",0,0,0
8,3,"b",1,0,0
8,3,"b",2,0,0
8,3,"b",3,0,0
9,0,"a",0,0,0
9,0,"a",1,0,0
9,0,"a",2,10,1
9,0,"a",3,0,0
9,0,"b",0,0,0
9,0,"b",1,0,0
9,0,"b",2,4,1
9,0,"b",3,0,0
9,1,"a",0,2,1
9,1,"a",1,0,0
9,1,"a",2,0,0
9,1,"a",3,0,0
9,1,"b",0,2,1
9,1,"b",1,0,0
9,1,"b",2,0,0
9,1,"b",3,0,0
9,2,"a",0,8,0.571428571428571
9,2,"a",1,0,0
9,2,"a",2,0,0
9,2,"a",3,6,0.428571428571429
9,2,"b",0,0,0
9,2,"b",1,0,0
9,2,"b",2,5,1
9,2,"b",3,0,0
9,3,"a",0,2,0.333333333333333
9,3,"a",1,4,0.666666666666667
9,3,"a",2,0,0
9,3,"a",3,0,0
9,3,"b",0,0,0
9,3,"b",1,0,0
9,3,"b",2,0,0
9,3,"b",3,2,1
10,0,"a",0,0,0
10,0,"a",1,0,0
10,0,"a",2,9,1
10,0,"a",3,0,0
10,0,"b",0,0,0
10,0,"b",1,0,0
10,0,"b",2,5,1
10,0,"b",3,0,0
10,1,"a",0,1,1
10,1,"a",1,0,0
10,1,"a",2,0,0
10,1,"a",3,0,0
10,1,"b",0,2,1
10,1,"b",1,0,0
10,1,"b",2,0,0
10,1,"b",3,0,0
10,2,"a",0,8,0.615384615384615
10,2,"a",1,0,0
10,2,"a",2,0,0
10,2,"a",3,5,0.384615384615385
10,2,"b",0,0,0
10,2,"b",1,0,0
10,2,"b",2,4,1
10,2,"b",3,0,0
10,3,"a",0,2,0.4
10,3,"a",1,3,0.6
10,3,"a",2,0,0
10,3,"a",3,0,0
10,3,"b",0,0,0
10,3,"b",1,0,0
10,3,"b",2,0,0
10,3,"b",3,6,1
11,0,"a",0,0,0
11,0,"a",1,0,0
11,0,"a",2,0,0
11,0,"a",3,0,0
11,0,"b",0,0,0
11,0,"b",1,0,0
11,0,"b",2,0,0
11,0,"b",3,3,1
11,1,"a",0,0,0
11,1,"a",1,2,1
11,1,"a",2,0,0
11,1,"a",3,0,0
11,1,"b",0,0,0
11,1,"b",1,9,0.642857142857143
11,1,"b",2,0,0
11,1,"b",3,5,0.357142857142857
11,2,"a",0,0,0
11,2,"a",1,0,0
11,2,"a",2,6,1
11,2,"a",3,0,0
11,2,"b",0,2,0.285714285714286
11,2,"b",1,5,0.714285714285714
11,2,"b",2,0,0
11,2,"b",3,0,0
11,3,"a",0,1,1
11,3,"a",1,0,0
11,3,"a",2,0,0
11,3,"a",3,0,0
11,3,"b",0,0,0
11,3,"b",1,0,0
11,3,"b",2,7,0.583333333333333
11,3,"b",3,5,0.416666666666667
12,0,"a",0,0,0
12,0,"a",1,0,0
12,0,"a",2,0,0
12,0,"a",3,3,1
12,0,"b",0,0,0
12,0,"b",1,0,0
12,0,"b",2,0,0
12,0,"b",3,3,1
12,1,"a",0,1,0.5
12,1,"a",1,1,0.5
12,1,"a",2,0,0
12,1,"a",3,0,0
12,1,"b",0,0,0
12,1,"b",1,4,0.5
12,1,"b",2,0,0
12,1,"b",3,4,0.5
12,2,"a",0,0,0
12,2,"a",1,0,0
12,2,"a",2,7,1
12,2,"a",3,0,0
12,2,"b",0,3,0.375
12,2,"b",1,5,0.625
12,2,"b",2,0,0
12,2,"b",3,0,0
12,3,"a",0,2,0.4
12,3,"a",1,0,0
12,3,"a",2,3,0.6
12,3,"a",3,0,0
12,3,"b",0,0,0
12,3,"b",1,0,0
12,3,"b",2,6,0.666666666666667
12,3,"b",3,3,0.333333333333333
13,0,"a",0,0,0
13,0,"a",1,0,0
13,0,"a",2,9,1
13,0,"a",3,0,0
13,0,"b",0,0,0
13,0,"b",1,0,0
13,0,"b",2,3,1
13,0,"b",3,0,0
13,1,"a",0,1,1
13,1,"a",1,0,0
13,1,"a",2,0,0
13,1,"a",3,0,0
13,1,"b",0,3,1
13,1,"b",1,0,0
13,1,"b",2,0,0
13,1,"b",3,0,0
13,2,"a",0,6,0.5
13,2,"a",1,0,0
13,2,"a",2,0,0
13,2,"a",3,6,0.5
13,2,"b",0,0,0
13,2,"b",1,0,0
13,2,"b",2,6,1
13,2,"b",3,0,0
13,3,"a",0,2,0.285714285714286
13,3,"a",1,5,0.714285714285714
13,3,"a",2,0,0
13,3,"a",3,0,0
13,3,"b",0,0,0
13,3,"b",1,0,0
13,3,"b",2,0,0
13,3,"b",3,4,1
14,0,"a",0,0,0
14,0,"a",1,0,0
14,0,"a",2,13,1
14,0,"a",3,0,0
14,0,"b",0,0,0
14,0,"b",1,0,0
14,0,"b",2,1,1
14,0,"b",3,0,0
14,1,"a",0,4,1
14,1,"a",1,0,0
14,1,"a",2,0,0
14,1,"a",3,0,0
14,1,"b",0,0,0
14,1,"b",1,0,0
14,1,"b",2,0,0
14,1,"b",3,0,0
14,2,"a",0,7,0.538461538461538
14,2,"a",1,0,0
14,2,"a",2,0,0
14,2,"a",3,6,0.461538461538462
14,2,"b",0,0,0
14,2,"b",1,0,0
14,2,"b",2,8,1
14,2,"b",3,0,0
14,3,"a",0,2,0.333333333333333
14,3,"a",1,4,0.666666666666667
14,3,"a",2,0,0
14,3,"a",3,0,0
14,3,"b",0,0,0
14,3,"b",1,0,0
14,3,"b",2,0,0
14,3,"b",3,0,0
15,0,"a",0,0,0
15,0,"a",1,0,0
15,0,"a",2,0,0
15,0,"a",3,3,1
15,0,"b",0,0,0
15,0,"b",1,0,0
15,0,"b",2,0,0
15,0,"b",3,3,1
15,1,"a",0,1,0.5
15,1,"a",1,1,0.5
15,1,"a",2,0,0
15,1,"a",3,0,0
15,1,"b",0,0,0
15,1,"b",1,3,0.5
15,1,"b",2,0,0
15,1,"b",3,3,0.5
15,2,"a",0,0,0
15,2,"a",1,0,0
15,2,"a",2,12,1
15,2,"a",3,0,0
15,2,"b",0,3,0.428571428571429
15,2,"b",1,4,0.571428571428571
15,2,"b",2,0,0
15,2,"b",3,0,0
15,3,"a",0,2,0.4
15,3,"a",1,0,0
15,3,"a",2,3,0.6
15,3,"a",3,0,0
15,3,"b",0,0,0
15,3,"b",1,0,0
15,3,"b",2,4,0.571428571428571
15,3,"b",3,3,0.428571428571429
16,0,"a",0,0,0
16,0,"a",1,0,0
16,0,"a",2,0,0
16,0,"a",3,2,1
16,0,"b",0,0,0
16,0,"b",1,0,0
16,0,"b",2,0,0
16,0,"b",3,2,1
16,1,"a",0,1,0.5
16,1,"a",1,1,0.5
16,1,"a",2,0,0
16,1,"a",3,0,0
16,1,"b",0,0,0
16,1,"b",1,8,0.615384615384615
16,1,"b",2,0,0
16,1,"b",3,5,0.384615384615385
16,2,"a",0,0,0
16,2,"a",1,0,0
16,2,"a",2,5,1
16,2,"a",3,0,0
16,2,"b",0,3,0.333333333333333
16,2,"b",1,6,0.666666666666667
16,2,"b",2,0,0
16,2,"b",3,0,0
16,3,"a",0,0,0
16,3,"a",1,0,0
16,3,"a",2,2,1
16,3,"a",3,0,0
16,3,"b",0,0,0
16,3,"b",1,0,0
16,3,"b",2,6,0.6
16,3,"b",3,4,0.4
17,0,"a",0,0,0
17,0,"a",1,0,0
17,0,"a",2,0,0
17,0,"a",3,4,1
17,0,"b",0,0,0
17,0,"b",1,0,0
17,0,"b",2,0,0
17,0,"b",3,4,1
17,1,"a",0,2,0.666666666666667
17,1,"a",1,1,0.333333333333333
17,1,"a",2,0,0
17,1,"a",3,0,0
17,1,"b",0,0,0
17,1,"b",1,1,0.333333333333333
17,1,"b",2,0,0
17,1,"b",3,2,0.666666666666667
17,2,"a",0,0,0
17,2,"a",1,0,0
17,2,"a",2,11,1
17,2,"a",3,0,0
17,2,"b",0,3,0.428571428571429
17,2,"b",1,4,0.571428571428571
17,2,"b",2,0,0
17,2,"b",3,0,0
17,3,"a",0,3,0.375
17,3,"a",1,0,0
17,3,"a",2,5,0.625
17,3,"a",3,0,0
17,3,"b",0,0,0
17,3,"b",1,0,0
17,3,"b",2,3,0.6
17,3,"b",3,2,0.4
18,0,"a",0,0,0
18,0,"a",1,0,0
18,0,"a",2,0,0
18,0,"a",3,0,0
18,0,"b",0,0,0
18,0,"b",1,0,0
18,0,"b",2,0,0
18,0,"b",3,3,1
18,1,"a",0,0,0
18,1,"a",1,0,0
18,1,"a",2,0,0
18,1,"a",3,0,0
18,1,"b",0,0,0
18,1,"b",1,6,0.545454545454545
18,1,"b",2,0,0
18,1,"b",3,5,0.454545454545455
18,2,"a",0,0,0
18,2,"a",1,0,0
18,2,"a",2,10,1
18,2,"a",3,0,0
18,2,"b",0,3,0.333333333333333
18,2,"b",1,6,0.666666666666667
18,2,"b",2,0,0
18,2,"b",3,0,0
18,3,"a",0,0,0
18,3,"a",1,0,0
18,3,"a",2,2,1
18,3,"a",3,0,0
18,3,"b",0,0,0
18,3,"b",1,0,0
18,3,"b",2,6,0.6
18,3,"b",3,4,0.4
19,0,"a",0,0,0
19,0,"a",1,0,0
19,0,"a",2,0,0
19,0,"a",3,6,1
19,0,"b",0,0,0
19,0,"b",1,0,0
19,0,"b",2,0,0
19,0,"b",3,2,1
19,1,"a",0,4,0.5
19,1,"a",1,4,0.5
19,1,"a",2,0,0
19,1,"a",3,0,0
19,1,"b",0,0,0
19,1,"b",1,3,0.75
19,1,"b",2,0,0
19,1,"b",3,1,0.25
19,2,"a",0,0,0
19,2,"a",1,0,0
19,2,"a",2,6,1
19,2,"a",3,0,0
19,2,"b",0,2,0.285714285714286
19,2,"b",1,5,0.714285714285714
19,2,"b",2,0,0
19,2,"b",3,0,0
19,3,"a",0,2,0.5
19,3,"a",1,0,0
19,3,"a",2,2,0.5
19,3,"a",3,0,0
19,3,"b",0,0,0
19,3,"b",1,0,0
19,3,"b",2,5,0.625
19,3,"b",3,3,0.375
20,0,"a",0,0,0
20,0,"a",1,0,0
20,0,"a",2,0,0
20,0,"a",3,5,1
20,0,"b",0,0,0
20,0,"b",1,0,0
20,0,"b",2,0,0
20,0,"b",3,3,1
20,1,"a",0,3,0.5
20,1,"a",1,3,0.5
20,1,"a",2,0,0
20,1,"a",3,0,0
20,1,"b",0,0,0
20,1,"b",1,3,0.6
20,1,"b",2,0,0
20,1,"b",3,2,0.4
20,2,"a",0,0,0
20,2,"a",1,0,0
20,2,"a",2,5,1
20,2,"a",3,0,0
20,2,"b",0,3,0.375
20,2,"b",1,5,0.625
20,2,"b",2,0,0
20,2,"b",3,0,0
20,3,"a",0,2,0.4
20,3,"a",1,0,0
20,3,"a",2,3,0.6
20,3,"a",3,0,0
20,3,"b",0,0,0
20,3,"b",1,0,0
20,3,"b",2,5,0.625
20,3,"b",3,3,0.375
21,0,"a",0,0,0
21,0,"a",1,0,0
21,0,"a",2,11,1
21,0,"a",3,0,0
21,0,"b",0,0,0
21,0,"b",1,0,0
21,0,"b",2,2,1
21,0,"b",3,0,0
21,1,"a",0,4,1
21,1,"a",1,0,0
21,1,"a",2,0,0
21,1,"a",3,0,0
21,1,"b",0,0,0
21,1,"b",1,0,0
21,1,"b",2,0,0
21,1,"b",3,0,0
21,2,"a",0,7,0.583333333333333
21,2,"a",1,0,0
21,2,"a",2,0,0
21,2,"a",3,5,0.416666666666667
21,2,"b",0,0,0
21,2,"b",1,0,0
21,2,"b",2,10,1
21,2,"b",3,0,0
21,3,"a",0,2,0.333333333333333
21,3,"a",1,4,0.666666666666667
21,3,"a",2,0,0
21,3,"a",3,0,0
21,3,"b",0,0,0
21,3,"b",1,0,0
21,3,"b",2,0,0
21,3,"b",3,0,0
22,0,"a",0,0,0
22,0,"a",1,0,0
22,0,"a",2,8,1
22,0,"a",3,0,0
22,0,"b",0,0,0
22,0,"b",1,0,0
22,0,"b",2,5,1
22,0,"b",3,0,0
22,1,"a",0,1,1
22,1,"a",1,0,0
22,1,"a",2,0,0
22,1,"a",3,0,0
22,1,"b",0,2,1
22,1,"b",1,0,0
22,1,"b",2,0,0
22,1,"b",3,0,0
22,2,"a",0,8,0.571428571428571
22,2,"a",1,0,0
22,2,"a",2,0,0
22,2,"a",3,6,0.428571428571429
22,2,"b",0,0,0
22,2,"b",1,0,0
22,2,"b",2,9,1
22,2,"b",3,0,0
22,3,"a",0,2,0.4
22,3,"a",1,3,0.6
22,3,"a",2,0,0
22,3,"a",3,0,0
22,3,"b",0,0,0
22,3,"b",1,0,0
22,3,"b",2,0,0
22,3,"b",3,1,1
23,0,"a",0,0,0
23,0,"a",1,0,0
23,0,"a",2,6,1
23,0,"a",3,0,0
23,0,"b",0,0,0
23,0,"b",1,0,0
23,0,"b",2,5,1
23,0,"b",3,0,0
23,1,"a",0,1,1
23,1,"a",1,0,0
23,1,"a",2,0,0
23,1,"a",3,0,0
23,1,"b",0,1,1
23,1,"b",1,0,0
23,1,"b",2,0,0
23,1,"b",3,0,0
23,2,"a",0,6,0.6
23,2,"a",1,0,0
23,2,"a",2,0,0
23,2,"a",3,4,0.4
23,2,"b",0,0,0
23,2,"b",1,0,0
23,2,"b",2,12,1
23,2,"b",3,0,0
23,3,"a",0,2,0.5
23,3,"a",1,2,0.5
23,3,"a",2,0,0
23,3,"a",3,0,0
23,3,"b",0,0,0
23,3,"b",1,0,0
23,3,"b",2,0,0
23,3,"b",3,6,1
24,0,"a",0,0,0
24,0,"a",1,0,0
24,0,"a",2,4,1
24,0,"a",3,0,0
24,0,"b",0,0,0
24,0,"b",1,0,0
24,0,"b",2,7,1
24,0,"b",3,0,0
24,1,"a",0,1,1
24,1,"a",1,0,0
24,1,"a",2,0,0
24,1,"a",3,0,0
24,1,"b",0,3,1
24,1,"b",1,0,0
24,1,"b",2,0,0
24,1,"b",3,0,0
24,2,"a",0,6,0.545454545454545
24,2,"a",1,0,0
24,2,"a",2,0,0
24,2,"a",3,5,0.454545454545455
24,2,"b",0,0,0
24,2,"b",1,0,0
24,2,"b",2,6,1
24,2,"b",3,0,0
24,3,"a",0,2,0.333333333333333
24,3,"a",1,4,0.666666666666667
24,3,"a",2,0,0
24,3,"a",3,0,0
24,3,"b",0,0,0
24,3,"b",1,0,0
24,3,"b",2,0,0
24,3,"b",3,7,1
25,0,"a",0,0,0
25,0,"a",1,0,0
25,0,"a",2,0,0
25,0,"a",3,1,1
25,0,"b",0,0,0
25,0,"b",1,0,0
25,0,"b",2,0,0
25,0,"b",3,5,1
25,1,"a",0,1,0.5
25,1,"a",1,1,0.5
25,1,"a",2,0,0
25,1,"a",3,0,0
25,1,"b",0,0,0
25,1,"b",1,6,0.6
25,1,"b",2,0,0
25,1,"b",3,4,0.4
25,2,"a",0,0,0
25,2,"a",1,0,0
25,2,"a",2,7,1
25,2,"a",3,0,0
25,2,"b",0,3,0.375
25,2,"b",1,5,0.625
25,2,"b",2,0,0
25,2,"b",3,0,0
25,3,"a",0,2,0.285714285714286
25,3,"a",1,0,0
25,3,"a",2,5,0.714285714285714
25,3,"a",3,0,0
25,3,"b",0,0,0
25,3,"b",1,0,0
25,3,"b",2,3,0.6
25,3,"b",3,2,0.4
26,0,"a",0,0,0
26,0,"a",1,0,0
26,0,"a",2,6,1
26,0,"a",3,0,0
26,0,"b",0,0,0
26,0,"b",1,0,0
26,0,"b",2,6,1
26,0,"b",3,0,0
26,1,"a",0,1,1
26,1,"a",1,0,0
26,1,"a",2,0,0
26,1,"a",3,0,0
26,1,"b",0,1,1
26,1,"b",1,0,0
26,1,"b",2,0,0
26,1,"b",3,0,0
26,2,"a",0,7,0.636363636363636
26,2,"a",1,0,0
26,2,"a",2,0,0
26,2,"a",3,4,0.363636363636364
26,2,"b",0,0,0
26,2,"b",1,0,0
26,2,"b",2,11,1
26,2,"b",3,0,0
26,3,"a",0,2,0.5
26,3,"a",1,2,0.5
26,3,"a",2,0,0
26,3,"a",3,0,0
26,3,"b",0,0,0
26,3,"b",1,0,0
26,3,"b",2,0,0
26,3,"b",3,5,1
27,0,"a",0,0,0
27,0,"a",1,0,0
27,0,"a",2,0,0
27,0,"a",3,4,1
27,0,"b",0,0,0
27,0,"b",1,0,0
27,0,"b",2,0,0
27,0,"b",3,2,1
27,1,"a",0,1,0.5
27,1,"a",1,1,0.5
27,1,"a",2,0,0
27,1,"a",3,0,0
27,1,"b",0,0,0
27,1,"b",1,5,0.555555555555556
27,1,"b",2,0,0
27,1,"b",3,4,0.444444444444444
27,2,"a",0,0,0
27,2,"a",1,0,0
27,2,"a",2,8,1
27,2,"a",3,0,0
27,2,"b",0,3,0.428571428571429
27,2,"b",1,4,0.571428571428571
27,2,"b",2,0,0
27,2,"b",3,0,0
27,3,"a",0,3,0.5
27,3,"a",1,0,0
27,3,"a",2,3,0.5
27,3,"a",3,0,0
27,3,"b",0,0,0
27,3,"b",1,0,0
27,3,"b",2,4,0.571428571428571
27,3,"b",3,3,0.428571428571429
28,0,"a",0,0,0
28,0,"a",1,0,0
28,0,"a",2,7,1
28,0,"a",3,0,0
28,0,"b",0,0,0
28,0,"b",1,0,0
28,0,"b",2,6,1
28,0,"b",3,0,0
28,1,"a",0,1,1
28,1,"a",1,0,0
28,1,"a",2,0,0
28,1,"a",3,0,0
28,1,"b",0,2,1
28,1,"b",1,0,0
28,1,"b",2,0,0
28,1,"b",3,0,0
28,2,"a",0,8,0.571428571428571
28,2,"a",1,0,0
28,2,"a",2,0,0
28,2,"a",3,6,0.428571428571429
28,2,"b",0,0,0
28,2,"b",1,0,0
28,2,"b",2,5,1
28,2,"b",3,0,0
28,3,"a",0,2,0.4
28,3,"a",1,3,0.6
28,3,"a",2,0,0
28,3,"a",3,0,0
28,3,"b",0,0,0
28,3,"b",1,0,0
28,3,"b",2,0,0
28,3,"b",3,5,1
29,0,"a",0,0,0
29,0,"a",1,0,0
29,0,"a",2,9,1
29,0,"a",3,0,0
29,0,"b",0,0,0
29,0,"b",1,0,0
29,0,"b",2,5,1
29,0,"b",3,0,0
29,1,"a",0,3,1
29,1,"a",1,0,0
29,1,"a",2,0,0
29,1,"a",3,0,0
29,1,"b",0,1,1
29,1,"b",1,0,0
29,1,"b",2,0,0
29,1,"b",3,0,0
29,2,"a",0,8,0.571428571428571
29,2,"a",1,0,0
29,2,"a",2,0,0
29,2,"a",3,6,0.428571428571429
29,2,"b",0,0,0
29,2,"b",1,0,0
29,2,"b",2,5,1
29,2,"b",3,0,0
29,3,"a",0,2,0.333333333333333
29,3,"a",1,4,0.666666666666667
29,3,"a",2,0,0
29,3,"a",3,0,0
29,3,"b",0,0,0
29,3,"b",1,0,0
29,3,"b",2,0,0
29,3,"b",3,2,1
30,0,"a",0,0,0
30,0,"a",1,0,0
30,0,"a",2,7,1
30,0,"a",3,0,0
30,0,"b",0,0,0
30,0,"b",1,0,0
30,0,"b",2,5,1
30,0,"b",3,0,0
30,1,"a",0,2,1
30,1,"a",1,0,0
30,1,"a",2,0,0
30,1,"a",3,0,0
30,1,"b",0,1,1
30,1,"b",1,0,0
30,1,"b",2,0,0
30,1,"b",3,0,0
30,2,"a",0,8,0.666666666666667
30,2,"a",1,0,0
30,2,"a",2,0,0
30,2,"a",3,4,0.333333333333333
30,2,"b",0,0,0
30,2,"b",1,0,0
30,2,"b",2,12,1
30,2,"b",3,0,0
30,3,"a",0,2,0.5
30,3,"a",1,2,0.5
30,3,"a",2,0,0
30,3,"a",3,0,0
30,3,"b",0,0,0
30,3,"b",1,0,0
30,3,"b",2,0,0
30,3,"b",3,2,1
31,0,"a",0,0,0
31,0,"a",1,0,0
31,0,"a",2,0,0
31,0,"a",3,5,1
31,0,"b",0,0,0
31,0,"b",1,0,0
31,0,"b",2,0,0
31,0,"b",3,4,1
31,1,"a",0,2,0.666666666666667
31,1,"a",1,1,0.333333333333333
31,1,"a",2,0,0
31,1,"a",3,0,0
31,1,"b",0,0,0
31,1,"b",1,3,0.6
31,1,"b",2,0,0
31,1,"b",3,2,0.4
31,2,"a",0,0,0
31,2,"a",1,0,0
31,2,"a",2,7,1
31,2,"a",3,0,0
31,2,"b",0,3,0.428571428571429
31,2,"b",1,4,0.571428571428571
31,2,"b",2,0,0
31,2,"b",3,0,0
31,3,"a",0,4,0.5
31,3,"a",1,0,0
31,3,"a",2,4,0.5
31,3,"a",3,0,0
31,3,"b",0,0,0
31,3,"b",1,0,0
31,3,"b",2,3,0.5
31,3,"b",3,3,0.5
32,0,"a",0,0,0
32,0,"a",1,0,0
32,0,"a",2,11,1
32,0,"a",3,0,0
32,0,"b",0,0,0
32,0,"b",1,0,0
32,0,"b",2,3,1
32,0,"b",3,0,0
32,1,"a",0,3,1
32,1,"a",1,0,0
32,1,"a",2,0,0
32,1,"a",3,0,0
32,1,"b",0,1,1
32,1,"b",1,0,0
32,1,"b",2,0,0
32,1,"b",3,0,0
32,2,"a",0,9,0.642857142857143
32,2,"a",1,0,0
32,2,"a",2,0,0
32,2,"a",3,5,0.357142857142857
32,2,"b",0,0,0
32,2,"b",1,0,0
32,2,"b",2,8,1
32,2,"b",3,0,0
32,3,"a",0,2,0.4
32,3,"a",1,3,0.6
32,3,"a",2,0,0
32,3,"a",3,0,0
32,3,"b",0,0,0
32,3,"b",1,0,0
32,3,"b",2,0,0
32,3,"b",3,0,0
33,0,"a",0,0,0
33,0,"a",1,0,0
33,0,"a",2,5,1
33,0,"a",3,0,0
33,0,"b",0,0,0
33,0,"b",1,0,0
33,0,"b",2,5,1
33,0,"b",3,0,0
33,1,"a",0,2,1
33,1,"a",1,0,0
33,1,"a",2,0,0
33,1,"a",3,0,0
33,1,"b",0,1,1
33,1,"b",1,0,0
33,1,"b",2,0,0
33,1,"b",3,0,0
33,2,"a",0,5,0.555555555555556
33,2,"a",1,0,0
33,2,"a",2,0,0
33,2,"a",3,4,0.444444444444444
33,2,"b",0,0,0
33,2,"b",1,0,0
33,2,"b",2,13,1
33,2,"b",3,0,0
33,3,"a",0,1,0.25
33,3,"a",1,3,0.75
33,3,"a",2,0,0
33,3,"a",3,0,0
33,3,"b",0,0,0
33,3,"b",1,0,0
33,3,"b",2,0,0
33,3,"b",3,6,1
34,0,"a",0,0,0
34,0,"a",1,0,0
34,0,"a",2,6,1
34,0,"a",3,0,0
34,0,"b",0,0,0
34,0,"b",1,0,0
34,0,"b",2,3,1
34,0,"b",3,0,0
34,1,"a",0,1,1
34,1,"a",1,0,0
34,1,"a",2,0,0
34,1,"a",3,0,0
34,1,"b",0,2,1
34,1,"b",1,0,0
34,1,"b",2,0,0
34,1,"b",3,0,0
34,2,"a",0,6,0.6
34,2,"a",1,0,0
34,2,"a",2,0,0
34,2,"a",3,4,0.4
34,2,"b",0,0,0
34,2,"b",1,0,0
34,2,"b",2,15,1
34,2,"b",3,0,0
34,3,"a",0,1,0.25
34,3,"a",1,3,0.75
34,3,"a",2,0,0
34,3,"a",3,0,0
34,3,"b",0,0,0
34,3,"b",1,0,0
34,3,"b",2,0,0
34,3,"b",3,4,1
35,0,"a",0,0,0
35,0,"a",1,0,0
35,0,"a",2,0,0
35,0,"a",3,4,1
35,0,"b",0,0,0
35,0,"b",1,0,0
35,0,"b",2,0,0
35,0,"b",3,4,1
35,1,"a",0,2,0.4
35,1,"a",1,3,0.6
35,1,"a",2,0,0
35,1,"a",3,0,0
35,1,"b",0,0,0
35,1,"b",1,3,0.6
35,1,"b",2,0,0
35,1,"b",3,2,0.4
35,2,"a",0,0,0
35,2,"a",1,0,0
35,2,"a",2,10,1
35,2,"a",3,0,0
35,2,"b",0,3,0.5
35,2,"b",1,3,0.5
35,2,"b",2,0,0
35,2,"b",3,0,0
35,3,"a",0,3,0.428571428571429
35,3,"a",1,0,0
35,3,"a",2,4,0.571428571428571
35,3,"a",3,0,0
35,3,"b",0,0,0
35,3,"b",1,0,0
35,3,"b",2,2,0.5
35,3,"b",3,2,0.5
36,0,"a",0,0,0
36,0,"a",1,0,0
36,0,"a",2,0,0
36,0,"a",3,3,1
36,0,"b",0,0,0
36,0,"b",1,0,0
36,0,"b",2,0,0
36,0,"b",3,1,1
36,1,"a",0,1,0.333333333333333
36,1,"a",1,2,0.666666666666667
36,1,"a",2,0,0
36,1,"a",3,0,0
36,1,"b",0,0,0
36,1,"b",1,5,0.625
36,1,"b",2,0,0
36,1,"b",3,3,0.375
36,2,"a",0,0,0
36,2,"a",1,0,0
36,2,"a",2,12,1
36,2,"a",3,0,0
36,2,"b",0,3,0.428571428571429
36,2,"b",1,4,0.571428571428571
36,2,"b",2,0,0
36,2,"b",3,0,0
36,3,"a",0,0,0
36,3,"a",1,0,0
36,3,"a",2,2,1
36,3,"a",3,0,0
36,3,"b",0,0,0
36,3,"b",1,0,0
36,3,"b",2,5,0.555555555555556
36,3,"b",3,4,0.444444444444444
37,0,"a",0,0,0
37,0,"a",1,0,0
37,0,"a",2,0,0
37,0,"a",3,2,1
37,0,"b",0,0,0
37,0,"b",1,0,0
37,0,"b",2,0,0
37,0,"b",3,3,1
37,1,"a",0,2,0.333333333333333
37,1,"a",1,4,0.666666666666667
37,1,"a",2,0,0
37,1,"a",3,0,0
37,1,"b",0,0,0
37,1,"b",1,3,0.5
37,1,"b",2,0,0
37,1,"b",3,3,0.5
37,2,"a",0,0,0
37,2,"a",1,0,0
37,2,"a",2,11,1
37,2,"a",3,0,0
37,2,"b",0,3,0.375
37,2,"b",1,5,0.625
37,2,"b",2,0,0
37,2,"b",3,0,0
37,3,"a",0,0,0
37,3,"a",1,0,0
37,3,"a",2,2,1
37,3,"a",3,0,0
37,3,"b",0,0,0
37,3,"b",1,0,0
37,3,"b",2,5,0.714285714285714
37,3,"b",3,2,0.285714285714286
38,0,"a",0,0,0
38,0,"a",1,0,0
38,0,"a",2,0,0
38,0,"a",3,5,1
38,0,"b",0,0,0
38,0,"b",1,0,0
38,0,"b",2,0,0
38,0,"b",3,4,1
38,1,"a",0,2,0.666666666666667
38,1,"a",1,1,0.333333333333333
38,1,"a",2,0,0
38,1,"a",3,0,0
38,1,"b",0,0,0
38,1,"b",1,3,0.6
38,1,"b",2,0,0
38,1,"b",3,2,0.4
38,2,"a",0,0,0
38,2,"a",1,0,0
38,2,"a",2,10,1
38,2,"a",3,0,0
38,2,"b",0,3,0.5
38,2,"b",1,3,0.5
38,2,"b",2,0,0
38,2,"b",3,0,0
38,3,"a",0,4,0.444444444444444
38,3,"a",1,0,0
38,3,"a",2,5,0.555555555555556
38,3,"a",3,0,0
38,3,"b",0,0,0
38,3,"b",1,0,0
38,3,"b",2,2,0.666666666666667
38,3,"b",3,1,0.333333333333333
39,0,"a",0,0,0
39,0,"a",1,0,0
39,0,"a",2,6,1
39,0,"a",3,0,0
39,0,"b",0,0,0
39,0,"b",1,0,0
39,0,"b",2,5,1
39,0,"b",3,0,0
39,1,"a",0,1,1
39,1,"a",1,0,0
39,1,"a",2,0,0
39,1,"a",3,0,0
39,1,"b",0,1,1
39,1,"b",1,0,0
39,1,"b",2,0,0
39,1,"b",3,0,0
39,2,"a",0,6,0.545454545454545
39,2,"a",1,0,0
39,2,"a",2,0,0
39,2,"a",3,5,0.454545454545455
39,2,"b",0,0,0
39,2,"b",1,0,0
39,2,"b",2,13,1
39,2,"b",3,0,0
39,3,"a",0,2,0.4
39,3,"a",1,3,0.6
39,3,"a",2,0,0
39,3,"a",3,0,0
39,3,"b",0,0,0
39,3,"b",1,0,0
39,3,"b",2,0,0
39,3,"b",3,3,1
40,0,"a",0,0,0
40,0,"a",1,0,0
40,0,"a",2,8,1
40,0,"a",3,0,0
40,0,"b",0,0,0
40,0,"b",1,0,0
40,0,"b",2,3,1
40,0,"b",3,0,0
40,1,"a",0,1,1
40,1,"a",1,0,0
40,1,"a",2,0,0
40,1,"a",3,0,0
40,1,"b",0,1,1
40,1,"b",1,0,0
40,1,"b",2,0,0
40,1,"b",3,0,0
40,2,"a",0,6,0.545454545454545
40,2,"a",1,0,0
40,2,"a",2,0,0
40,2,"a",3,5,0.454545454545455
40,2,"b",0,0,0
40,2,"b",1,0,0
40,2,"b",2,13,1
40,2,"b",3,0,0
40,3,"a",0,2,0.5
40,3,"a",1,2,0.5
40,3,"a",2,0,0
40,3,"a",3,0,0
40,3,"b",0,0,0
40,3,"b",1,0,0
40,3,"b",2,0,0
40,3,"b",3,4,1
41,0,"a",0,0,0
41,0,"a",1,0,0
41,0,"a",2,6,1
41,0,"a",3,0,0
41,0,"b",0,0,0
41,0,"b",1,0,0
41,0,"b",2,5,1
41,0,"b",3,0,0
41,1,"a",0,3,1
41,1,"a",1,0,0
41,1,"a",2,0,0
41,1,"a",3,0,0
41,1,"b",0,0,0
41,1,"b",1,0,0
41,1,"b",2,0,0
41,1,"b",3,0,0
41,2,"a",0,7,0.636363636363636
41,2,"a",1,0,0
41,2,"a",2,0,0
41,2,"a",3,4,0.363636363636364
41,2,"b",0,0,0
41,2,"b",1,0,0
41,2,"b",2,10,1
41,2,"b",3,0,0
41,3,"a",0,2,0.4
41,3,"a",1,3,0.6
41,3,"a",2,0,0
41,3,"a",3,0,0
41,3,"b",0,0,0
41,3,"b",1,0,0
41,3,"b",2,0,0
41,3,"b",3,5,1
42,0,"a",0,0,0
42,0,"a",1,0,0
42,0,"a",2,5,1
42,0,"a",3,0,0
42,0,"b",0,0,0
42,0,"b",1,0,0
42,0,"b",2,4,1
42,0,"b",3,0,0
42,1,"a",0,2,1
42,1,"a",1,0,0
42,1,"a",2,0,0
42,1,"a",3,0,0
42,1,"b",0,0,0
42,1,"b",1,0,0
42,1,"b",2,0,0
42,1,"b",3,0,0
42,2,"a",0,5,0.625
42,2,"a",1,0,0
42,2,"a",2,0,0
42,2,"a",3,3,0.375
42,2,"b",0,0,0
42,2,"b",1,0,0
42,2,"b",2,18,1
42,2,"b",3,0,0
42,3,"a",0,2,0.5
42,3,"a",1,2,0.5
42,3,"a",2,0,0
42,3,"a",3,0,0
42,3,"b",0,0,0
42,3,"b",1,0,0
42,3,"b",2,0,0
42,3,"b",3,4,1
43,0,"a",0,0,0
43,0,"a",1,0,0
43,0,"a",2,13,1
43,0,"a",3,0,0
43,0,"b",0,0,0
43,0,"b",1,0,0
43,0,"b",2,0,0
43,0,"b",3,0,0
43,1,"a",0,4,1
43,1,"a",1,0,0
43,1,"a",2,0,0
43,1,"a",3,0,0
43,1,"b",0,0,0
43,1,"b",1,0,0
43,1,"b",2,0,0
43,1,"b",3,0,0
43,2,"a",0,8,0.615384615384615
43,2,"a",1,0,0
43,2,"a",2,0,0
43,2,"a",3,5,0.384615384615385
43,2,"b",0,0,0
43,2,"b",1,0,0
43,2,"b",2,10,1
43,2,"b",3,0,0
43,3,"a",0,2,0.4
43,3,"a",1,3,0.6
43,3,"a",2,0,0
43,3,"a",3,0,0
43,3,"b",0,0,0
43,3,"b",1,0,0
43,3,"b",2,0,0
43,3,"b",3,0,0
44,0,"a",0,0,0
44,0,"a",1,0,0
44,0,"a",2,8,1
44,0,"a",3,0,0
44,0,"b",0,0,0
44,0,"b",1,0,0
44,0,"b",2,5,1
44,0,"b",3,0,0
44,1,"a",0,1,1
44,1,"a",1,0,0
44,1,"a",2,0,0
44,1,"a",3,0,0
44,1,"b",0,1,1
44,1,"b",1,0,0
44,1,"b",2,0,0
44,1,"b",3,0,0
44,2,"a",0,8,0.666666666666667
44,2,"a",1,0,0
44,2,"a",2,0,0
44,2,"a",3,4,0.333333333333333
44,2,"b",0,0,0
44,2,"b",1,0,0
44,2,"b",2,8,1
44,2,"b",3,0,0
44,3,"a",0,2,0.5
44,3,"a",1,2,0.5
44,3,"a",2,0,0
44,3,"a",3,0,0
44,3,"b",0,0,0
44,3,"b",1,0,0
44,3,"b",2,0,0
44,3,"b",3,6,1
45,0,"a",0,0,0
45,0,"a",1,0,0
45,0,"a",2,9,1
45,0,"a",3,0,0
45,0,"b",0,0,0
45,0,"b",1,0,0
45,0,"b",2,3,1
45,0,"b",3,0,0
45,1,"a",0,0,0
45,1,"a",1,0,0
45,1,"a",2,0,0
45,1,"a",3,0,0
45,1,"b",0,3,1
45,1,"b",1,0,0
45,1,"b",2,0,0
45,1,"b",3,0,0
45,2,"a",0,7,0.583333333333333
45,2,"a",1,0,0
45,2,"a",2,0,0
45,2,"a",3,5,0.416666666666667
45,2,"b",0,0,0
45,2,"b",1,0,0
45,2,"b",2,11,1
45,2,"b",3,0,0
45,3,"a",0,2,0.4
45,3,"a",1,3,0.6
45,3,"a",2,0,0
45,3,"a",3,0,0
45,3,"b",0,0,0
45,3,"b",1,0,0
45,3,"b",2,0,0
45,3,"b",3,2,1
46,0,"a",0,0,0
46,0,"a",1,0,0
46,0,"a",2,9,1
46,0,"a",3,0,0
46,0,"b",0,0,0
46,0,"b",1,0,0
46,0,"b",2,3,1
46,0,"b",3,0,0
46,1,"a",0,2,1
46,1,"a",1,0,0
46,1,"a",2,0,0
46,1,"a",3,0,0
46,1,"b",0,1,1
46,1,"b",1,0,0
46,1,"b",2,0,0
46,1,"b",3,0,0
46,2,"a",0,8,0.666666666666667
46,2,"a",1,0,0
46,2,"a",2,0,0
46,2,"a",3,4,0.333333333333333
46,2,"b",0,0,0
46,2,"b",1,0,0
46,2,"b",2,9,1
46,2,"b",3,0,0
46,3,"a",0,2,0.5
46,3,"a",1,2,0.5
46,3,"a",2,0,0
46,3,"a",3,0,0
46,3,"b",0,0,0
46,3,"b",1,0,0
46,3,"b",2,0,0
46,3,"b",3,5,1
47,0,"a",0,0,0
47,0,"a",1,0,0
47,0,"a",2,6,1
47,0,"a",3,0,0
47,0,"b",0,0,0
47,0,"b",1,0,0
47,0,"b",2,6,1
47,0,"b",3,0,0
47,1,"a",0,2,1
47,1,"a",1,0,0
47,1,"a",2,0,0
47,1,"a",3,0,0
47,1,"b",0,0,0
47,1,"b",1,0,0
47,1,"b",2,0,0
47,1,"b",3,0,0
47,2,"a",0,7,0.583333333333333
47,2,"a",1,0,0
47,2,"a",2,0,0
47,2,"a",3,5,0.416666666666667
47,2,"b",0,0,0
47,2,"b",1,0,0
47,2,"b",2,12,1
47,2,"b",3,0,0
47,3,"a",0,2,0.5
47,3,"a",1,2,0.5
47,3,"a",2,0,0
47,3,"a",3,0,0
47,3,"b",0,0,0
47,3,"b",1,0,0
47,3,"b",2,0,0
47,3,"b",3,3,1
48,0,"a",0,0,0
48,0,"a",1,0,0
48,0,"a",2,10,1
48,0,"a",3,0,0
48,0,"b",0,0,0
48,0,"b",1,0,0
48,0,"b",2,1,1
48,0,"b",3,0,0
48,1,"a",0,3,1
48,1,"a",1,0,0
48,1,"a",2,0,0
48,1,"a",3,0,0
48,1,"b",0,0,0
48,1,"b",1,0,0
48,1,"b",2,0,0
48,1,"b",3,0,0
48,2,"a",0,7,0.636363636363636
48,2,"a",1,0,0
48,2,"a",2,0,0
48,2,"a",3,4,0.363636363636364
48,2,"b",0,0,0
48,2,"b",1,0,0
48,2,"b",2,15,1
48,2,"b",3,0,0
48,3,"a",0,1,0.25
48,3,"a",1,3,0.75
48,3,"a",2,0,0
48,3,"a",3,0,0
48,3,"b",0,0,0
48,3,"b",1,0,0
48,3,"b",2,0,0
48,3,"b",3,1,1
49,0,"a",0,0,0
49,0,"a",1,0,0
49,0,"a",2,7,1
49,0,"a",3,0,0
49,0,"b",0,0,0
49,0,"b",1,0,0
49,0,"b",2,4,1
49,0,"b",3,0,0
49,1,"a",0,1,1
49,1,"a",1,0,0
49,1,"a",2,0,0
49,1,"a",3,0,0
49,1,"b",0,2,1
49,1,"b",1,0,0
49,1,"b",2,0,0
49,1,"b",3,0,0
49,2,"a",0,6,0.6
49,2,"a",1,0,0
49,2,"a",2,0,0
49,2,"a",3,4,0.4
49,2,"b",0,0,0
49,2,"b",1,0,0
49,2,"b",2,11,1
49,2,"b",3,0,0
49,3,"a",0,2,0.4
49,3,"a",1,3,0.6
49,3,"a",2,0,0
49,3,"a",3,0,0
49,3,"b",0,0,0
49,3,"b",1,0,0
49,3,"b",2,0,0
49,3,"b",3,5,1
50,0,"a",0,0,0
50,0,"a",1,0,0
50,0,"a",2,10,1
50,0,"a",3,0,0
50,0,"b",0,0,0
50,0,"b",1,0,0
50,0,"b",2,4,1
50,0,"b",3,0,0
50,1,"a",0,1,1
50,1,"a",1,0,0
50,1,"a",2,0,0
50,1,"a",3,0,0
50,1,"b",0,3,1
50,1,"b",1,0,0
50,1,"b",2,0,0
50,1,"b",3,0,0
50,2,"a",0,8,0.615384615384615
50,2,"a",1,0,0
50,2,"a",2,0,0
50,2,"a",3,5,0.384615384615385
50,2,"b",0,0,0
50,2,"b",1,0,0
50,2,"b",2,6,1
50,2,"b",3,0,0
50,3,"a",0,2,0.333333333333333
50,3,"a",1,4,0.666666666666667
50,3,"a",2,0,0
50,3,"a",3,0,0
50,3,"b",0,0,0
50,3,"b",1,0,0
50,3,"b",2,0,0
50,3,"b",3,2,1
51,0,"a",0,0,0
51,0,"a",1,0,0
51,0,"a",2,8,1
51,0,"a",3,0,0
51,0,"b",0,0,0
51,0,"b",1,0,0
51,0,"b",2,1,1
51,0,"b",3,0,0
51,1,"a",0,2,1
51,1,"a",1,0,0
51,1,"a",2,0,0
51,1,"a",3,0,0
51,1,"b",0,1,1
51,1,"b",1,0,0
51,1,"b",2,0,0
51,1,"b",3,0,0
51,2,"a",0,5,0.555555555555556
51,2,"a",1,0,0
51,2,"a",2,0,0
51,2,"a",3,4,0.444444444444444
51,2,"b",0,0,0
51,2,"b",1,0,0
51,2,"b",2,13,1
51,2,"b",3,0,0
51,3,"a",0,2,0.4
51,3,"a",1,3,0.6
51,3,"a",2,0,0
51,3,"a",3,0,0
51,3,"b",0,0,0
51,3,"b",1,0,0
51,3,"b",2,0,0
51,3,"b",3,6,1
52,0,"a",0,0,0
52,0,"a",1,0,0
52,0,"a",2,0,0
52,0,"a",3,3,1
52,0,"b",0,0,0
52,0,"b",1,0,0
52,0,"b",2,0,0
52,0,"b",3,5,1
52,1,"a",0,2,0.4
52,1,"a",1,3,0.6
52,1,"a",2,0,0
52,1,"a",3,0,0
52,1,"b",0,0,0
52,1,"b",1,4,0.666666666666667
52,1,"b",2,0,0
52,1,"b",3,2,0.333333333333333
52,2,"a",0,0,0
52,2,"a",1,0,0
52,2,"a",2,5,1
52,2,"a",3,0,0
52,2,"b",0,4,0.444444444444444
52,2,"b",1,5,0.555555555555556
52,2,"b",2,0,0
52,2,"b",3,0,0
52,3,"a",0,2,0.285714285714286
52,3,"a",1,0,0
52,3,"a",2,5,0.714285714285714
52,3,"a",3,0,0
52,3,"b",0,0,0
52,3,"b",1,0,0
52,3,"b",2,3,0.6
52,3,"b",3,2,0.4
53,0,"a",0,0,0
53,0,"a",1,0,0
53,0,"a",2,0,0
53,0,"a",3,4,1
53,0,"b",0,0,0
53,0,"b",1,0,0
53,0,"b",2,0,0
53,0,"b",3,3,1
53,1,"a",0,2,0.333333333333333
53,1,"a",1,4,0.666666666666667
53,1,"a",2,0,0
53,1,"a",3,0,0
53,1,"b",0,0,0
53,1,"b",1,3,0.5
53,1,"b",2,0,0
53,1,"b",3,3,0.5
53,2,"a",0,0,0
53,2,"a",1,0,0
53,2,"a",2,5,1
53,2,"a",3,0,0
53,2,"b",0,3,0.333333333333333
53,2,"b",1,6,0.666666666666667
53,2,"b",2,0,0
53,2,"b",3,0,0
53,3,"a",0,2,0.333333333333333
53,3,"a",1,0,0
53,3,"a",2,4,0.666666666666667
53,3,"a",3,0,0
53,3,"b",0,0,0
53,3,"b",1,0,0
53,3,"b",2,4,0.666666666666667
53,3,"b",3,2,0.333333333333333
54,0,"a",0,0,0
54,0,"a",1,0,0
54,0,"a",2,0,0
54,0,"a",3,5,1
54,0,"b",0,0,0
54,0,"b",1,0,0
54,0,"b",2,0,0
54,0,"b",3,4,1
54,1,"a",0,2,0.4
54,1,"a",1,3,0.6
54,1,"a",2,0,0
54,1,"a",3,0,0
54,1,"b",0,0,0
54,1,"b",1,2,0.5
54,1,"b",2,0,0
54,1,"b",3,2,0.5
54,2,"a",0,0,0
54,2,"a",1,0,0
54,2,"a",2,5,1
54,2,"a",3,0,0
54,2,"b",0,4,0.5
54,2,"b",1,4,0.5
54,2,"b",2,0,0
54,2,"b",3,0,0
54,3,"a",0,3,0.428571428571429
54,3,"a",1,0,0
54,3,"a",2,4,0.571428571428571
54,3,"a",3,0,0
54,3,"b",0,0,0
54,3,"b",1,0,0
54,3,"b",2,4,0.571428571428571
54,3,"b",3,3,0.428571428571429
55,0,"a",0,0,0
55,0,"a",1,0,0
55,0,"a",2,0,0
55,0,"a",3,5,1
55,0,"b",0,0,0
55,0,"b",1,0,0
55,0,"b",2,0,0
55,0,"b",3,1,1
55,1,"a",0,3,0.428571428571429
55,1,"a",1,4,0.571428571428571
55,1,"a",2,0,0
55,1,"a",3,0,0
55,1,"b",0,0,0
55,1,"b",1,1,0.5
55,1,"b",2,0,0
55,1,"b",3,1,0.5
55,2,"a",0,0,0
55,2,"a",1,0,0
55,2,"a",2,13,1
55,2,"a",3,0,0
55,2,"b",0,3,0.428571428571429
55,2,"b",1,4,0.571428571428571
55,2,"b",2,0,0
55,2,"b",3,0,0
55,3,"a",0,0,0
55,3,"a",1,0,0
55,3,"a",2,3,1
55,3,"a",3,0,0
55,3,"b",0,0,0
55,3,"b",1,0,0
55,3,"b",2,4,0.571428571428571
55,3,"b",3,3,0.428571428571429
56,0,"a",0,0,0
56,0,"a",1,0,0
56,0,"a",2,0,0
56,0,"a",3,5,1
56,0,"b",0,0,0
56,0,"b",1,0,0
56,0,"b",2,0,0
56,0,"b",3,3,1
56,1,"a",0,2,0.5
56,1,"a",1,2,0.5
56,1,"a",2,0,0
56,1,"a",3,0,0
56,1,"b",0,0,0
56,1,"b",1,5,0.625
56,1,"b",2,0,0
56,1,"b",3,3,0.375
56,2,"a",0,0,0
56,2,"a",1,0,0
56,2,"a",2,5,1
56,2,"a",3,0,0
56,2,"b",0,4,0.444444444444444
56,2,"b",1,5,0.555555555555556
56,2,"b",2,0,0
56,2,"b",3,0,0
56,3,"a",0,3,0.333333333333333
56,3,"a",1,0,0
56,3,"a",2,6,0.666666666666667
56,3,"a",3,0,0
56,3,"b",0,0,0
56,3,"b",1,0,0
56,3,"b",2,2,1
56,3,"b",3,0,0
57,0,"a",0,0,0
57,0,"a",1,0,0
57,0,"a",2,0,0
57,0,"a",3,4,1
57,0,"b",0,0,0
57,0,"b",1,0,0
57,0,"b",2,0,0
57,0,"b",3,4,1
57,1,"a",0,2,0.4
57,1,"a",1,3,0.6
57,1,"a",2,0,0
57,1,"a",3,0,0
57,1,"b",0,0,0
57,1,"b",1,4,0.666666666666667
57,1,"b",2,0,0
57,1,"b",3,2,0.333333333333333
57,2,"a",0,0,0
57,2,"a",1,0,0
57,2,"a",2,8,1
57,2,"a",3,0,0
57,2,"b",0,3,0.428571428571429
57,2,"b",1,4,0.571428571428571
57,2,"b",2,0,0
57,2,"b",3,0,0
57,3,"a",0,2,0.4
57,3,"a",1,0,0
57,3,"a",2,3,0.6
57,3,"a",3,0,0
57,3,"b",0,0,0
57,3,"b",1,0,0
57,3,"b",2,4,0.666666666666667
57,3,"b",3,2,0.333333333333333
58,0,"a",0,0,0
58,0,"a",1,0,0
58,0,"a",2,0,0
58,0,"a",3,4,1
58,0,"b",0,0,0
58,0,"b",1,0,0
58,0,"b",2,0,0
58,0,"b",3,3,1
58,1,"a",0,3,0.5
58,1,"a",1,3,0.5
58,1,"a",2,0,0
58,1,"a",3,0,0
58,1,"b",0,0,0
58,1,"b",1,5,0.714285714285714
58,1,"b",2,0,0
58,1,"b",3,2,0.285714285714286
58,2,"a",0,0,0
58,2,"a",1,0,0
58,2,"a",2,4,1
58,2,"a",3,0,0
58,2,"b",0,2,0.25
58,2,"b",1,6,0.75
58,2,"b",2,0,0
58,2,"b",3,0,0
58,3,"a",0,2,0.4
58,3,"a",1,0,0
58,3,"a",2,3,0.6
58,3,"a",3,0,0
58,3,"b",0,0,0
58,3,"b",1,0,0
58,3,"b",2,5,0.625
58,3,"b",3,3,0.375
59,0,"a",0,0,0
59,0,"a",1,0,0
59,0,"a",2,0,0
59,0,"a",3,3,1
59,0,"b",0,0,0
59,0,"b",1,0,0
59,0,"b",2,0,0
59,0,"b",3,2,1
59,1,"a",0,2,0.4
59,1,"a",1,3,0.6
59,1,"a",2,0,0
59,1,"a",3,0,0
59,1,"b",0,0,0
59,1,"b",1,4,0.666666666666667
59,1,"b",2,0,0
59,1,"b",3,2,0.333333333333333
59,2,"a",0,0,0
59,2,"a",1,0,0
59,2,"a",2,13,1
59,2,"a",3,0,0
59,2,"b",0,2,0.333333333333333
59,2,"b",1,4,0.666666666666667
59,2,"b",2,0,0
59,2,"b",3,0,0
59,3,"a",0,0,0
59,3,"a",1,0,0
59,3,"a",2,2,1
59,3,"a",3,0,0
59,3,"b",0,0,0
59,3,"b",1,0,0
59,3,"b",2,5,0.625
59,3,"b",3,3,0.375
60,0,"a",0,0,0
60,0,"a",1,0,0
60,0,"a",2,0,0
60,0,"a",3,4,1
60,0,"b",0,0,0
60,0,"b",1,0,0
60,0,"b",2,0,0
60,0,"b",3,4,1
60,1,"a",0,3,0.428571428571429
60,1,"a",1,4,0.571428571428571
60,1,"a",2,0,0
60,1,"a",3,0,0
60,1,"b",0,0,0
60,1,"b",1,2,0.5
60,1,"b",2,0,0
60,1,"b",3,2,0.5
60,2,"a",0,0,0
60,2,"a",1,0,0
60,2,"a",2,5,1
60,2,"a",3,0,0
60,2,"b",0,3,0.375
60,2,"b",1,5,0.625
60,2,"b",2,0,0
60,2,"b",3,0,0
60,3,"a",0,2,0.333333333333333
60,3,"a",1,0,0
60,3,"a",2,4,0.666666666666667
60,3,"a",3,0,0
60,3,"b",0,0,0
60,3,"b",1,0,0
60,3,"b",2,4,0.571428571428571
60,3,"b",3,3,0.428571428571429
61,0,"a",0,0,0
61,0,"a",1,0,0
61,0,"a",2,0,0
61,0,"a",3,4,1
61,0,"b",0,0,0
61,0,"b",1,0,0
61,0,"b",2,0,0
61,0,"b",3,3,1
61,1,"a",0,3,0.375
61,1,"a",1,5,0.625
61,1,"a",2,0,0
61,1,"a",3,0,0
61,1,"b",0,0,0
61,1,"b",1,3,0.75
61,1,"b",2,0,0
61,1,"b",3,1,0.25
61,2,"a",0,0,0
61,2,"a",1,0,0
61,2,"a",2,8,1
61,2,"a",3,0,0
61,2,"b",0,2,0.333333333333333
61,2,"b",1,4,0.666666666666667
61,2,"b",2,0,0
61,2,"b",3,0,0
61,3,"a",0,2,0.4
61,3,"a",1,0,0
61,3,"a",2,3,0.6
61,3,"a",3,0,0
61,3,"b",0,0,0
61,3,"b",1,0,0
61,3,"b",2,4,0.571428571428571
61,3,"b",3,3,0.428571428571429
62,0,"a",0,0,0
62,0,"a",1,0,0
62,0,"a",2,0,0
62,0,"a",3,6,1
62,0,"b",0,0,0
62,0,"b",1,0,0
62,0,"b",2,0,0
62,0,"b",3,2,1
62,1,"a",0,3,0.375
62,1,"a",1,5,0.625
62,1,"a",2,0,0
62,1,"a",3,0,0
62,1,"b",0,0,0
62,1,"b",1,3,0.6
62,1,"b",2,0,0
62,1,"b",3,2,0.4
62,2,"a",0,0,0
62,2,"a",1,0,0
62,2,"a",2,5,1
62,2,"a",3,0,0
62,2,"b",0,3,0.375
62,2,"b",1,5,0.625
62,2,"b",2,0,0
62,2,"b",3,0,0
62,3,"a",0,2,0.333333333333333
62,3,"a",1,0,0
62,3,"a",2,4,0.666666666666667
62,3,"a",3,0,0
62,3,"b",0,0,0
62,3,"b",1,0,0
62,3,"b",2,3,0.6
62,3,"b",3,2,0.4
63,0,"a",0,0,0
63,0,"a",1,0,0
63,0,"a",2,0,0
63,0,"a",3,4,1
63,0,"b",0,0,0
63,0,"b",1,0,0
63,0,"b",2,0,0
63,0,"b",3,2,1
63,1,"a",0,2,0.4
63,1,"a",1,3,0.6
63,1,"a",2,0,0
63,1,"a",3,0,0
63,1,"b",0,0,0
63,1,"b",1,3,0.6
63,1,"b",2,0,0
63,1,"b",3,2,0.4
63,2,"a",0,0,0
63,2,"a",1,0,0
63,2,"a",2,12,1
63,2,"a",3,0,0
63,2,"b",0,3,0.428571428571429
63,2,"b",1,4,0.571428571428571
63,2,"b",2,0,0
63,2,"b",3,0,0
63,3,"a",0,2,0.5
63,3,"a",1,0,0
63,3,"a",2,2,0.5
63,3,"a",3,0,0
63,3,"b",0,0,0
63,3,"b",1,0,0
63,3,"b",2,4,0.666666666666667
63,3,"b",3,2,0.333333333333333
64,0,"a",0,0,0
64,0,"a",1,0,0
64,0,"a",2,0,0
64,0,"a",3,4,1
64,0,"b",0,0,0
64,0,"b",1,0,0
64,0,"b",2,0,0
64,0,"b",3,2,1
64,1,"a",0,1,1
64,1,"a",1,0,0
64,1,"a",2,0,0
64,1,"a",3,0,0
64,1,"b",0,0,0
64,1,"b",1,6,0.666666666666667
64,1,"b",2,0,0
64,1,"b",3,3,0.333333333333333
64,2,"a",0,0,0
64,2,"a",1,0,0
64,2,"a",2,11,1
64,2,"a",3,0,0
64,2,"b",0,2,0.333333333333333
64,2,"b",1,4,0.666666666666667
64,2,"b",2,0,0
64,2,"b",3,0,0
64,3,"a",0,3,0.428571428571429
64,3,"a",1,0,0
64,3,"a",2,4,0.571428571428571
64,3,"a",3,0,0
64,3,"b",0,0,0
64,3,"b",1,0,0
64,3,"b",2,3,0.6
64,3,"b",3,2,0.4
65,0,"a",0,0,0
65,0,"a",1,0,0
65,0,"a",2,0,0
65,0,"a",3,3,1
65,0,"b",0,0,0
65,0,"b",1,0,0
65,0,"b",2,0,0
65,0,"b",3,2,1
65,1,"a",0,1,0.5
65,1,"a",1,1,0.5
65,1,"a",2,0,0
65,1,"a",3,0,0
65,1,"b",0,0,0
65,1,"b",1,5,0.625
65,1,"b",2,0,0
65,1,"b",3,3,0.375
65,2,"a",0,0,0
65,2,"a",1,0,0
65,2,"a",2,12,1
65,2,"a",3,0,0
65,2,"b",0,3,0.428571428571429
65,2,"b",1,4,0.571428571428571
65,2,"b",2,0,0
65,2,"b",3,0,0
65,3,"a",0,1,0.25
65,3,"a",1,0,0
65,3,"a",2,3,0.75
65,3,"a",3,0,0
65,3,"b",0,0,0
65,3,"b",1,0,0
65,3,"b",2,4,0.571428571428571
65,3,"b",3,3,0.428571428571429
66,0,"a",0,0,0
66,0,"a",1,0,0
66,0,"a",2,0,0
66,0,"a",3,2,1
66,0,"b",0,0,0
66,0,"b",1,0,0
66,0,"b",2,0,0
66,0,"b",3,5,1
66,1,"a",0,1,1
66,1,"a",1,0,0
66,1,"a",2,0,0
66,1,"a",3,0,0
66,1,"b",0,0,0
66,1,"b",1,6,0.666666666666667
66,1,"b",2,0,0
66,1,"b",3,3,0.333333333333333
66,2,"a",0,0,0
66,2,"a",1,0,0
66,2,"a",2,8,1
66,2,"a",3,0,0
66,2,"b",0,4,0.571428571428571
66,2,"b",1,3,0.428571428571429
66,2,"b",2,0,0
66,2,"b",3,0,0
66,3,"a",0,2,0.5
66,3,"a",1,0,0
66,3,"a",2,2,0.5
66,3,"a",3,0,0
66,3,"b",0,0,0
66,3,"b",1,0,0
66,3,"b",2,6,0.666666666666667
66,3,"b",3,3,0.333333333333333
67,0,"a",0,0,0
67,0,"a",1,0,0
67,0,"a",2,0,0
67,0,"a",3,6,1
67,0,"b",0,0,0
67,0,"b",1,0,0
67,0,"b",2,0,0
67,0,"b",3,2,1
67,1,"a",0,2,0.5
67,1,"a",1,2,0.5
67,1,"a",2,0,0
67,1,"a",3,0,0
67,1,"b",0,0,0
67,1,"b",1,5,0.625
67,1,"b",2,0,0
67,1,"b",3,3,0.375
67,2,"a",0,0,0
67,2,"a",1,0,0
67,2,"a",2,3,1
67,2,"a",3,0,0
67,2,"b",0,4,0.444444444444444
67,2,"b",1,5,0.555555555555556
67,2,"b",2,0,0
67,2,"b",3,0,0
67,3,"a",0,2,0.285714285714286
67,3,"a",1,0,0
67,3,"a",2,5,0.714285714285714
67,3,"a",3,0,0
67,3,"b",0,0,0
67,3,"b",1,0,0
67,3,"b",2,4,0.666666666666667
67,3,"b",3,2,0.333333333333333
68,0,"a",0,0,0
68,0,"a",1,0,0
68,0,"a",2,0,0
68,0,"a",3,6,1
68,0,"b",0,0,0
68,0,"b",1,0,0
68,0,"b",2,0,0
68,0,"b",3,2,1
68,1,"a",0,2,0.666666666666667
68,1,"a",1,1,0.333333333333333
68,1,"a",2,0,0
68,1,"a",3,0,0
68,1,"b",0,0,0
68,1,"b",1,4,0.666666666666667
68,1,"b",2,0,0
68,1,"b",3,2,0.333333333333333
68,2,"a",0,0,0
68,2,"a",1,0,0
68,2,"a",2,7,1
68,2,"a",3,0,0
68,2,"b",0,3,0.428571428571429
68,2,"b",1,4,0.571428571428571
68,2,"b",2,0,0
68,2,"b",3,0,0
68,3,"a",0,3,0.428571428571429
68,3,"a",1,0,0
68,3,"a",2,4,0.571428571428571
68,3,"a",3,0,0
68,3,"b",0,0,0
68,3,"b",1,0,0
68,3,"b",2,4,0.571428571428571
68,3,"b",3,3,0.428571428571429
69,0,"a",0,0,0
69,0,"a",1,0,0
69,0,"a",2,0,0
69,0,"a",3,4,1
69,0,"b",0,0,0
69,0,"b",1,0,0
69,0,"b",2,0,0
69,0,"b",3,5,1
69,1,"a",0,2,0.4
69,1,"a",1,3,0.6
69,1,"a",2,0,0
69,1,"a",3,0,0
69,1,"b",0,0,0
69,1,"b",1,0,0
69,1,"b",2,0,0
69,1,"b",3,2,1
69,2,"a",0,0,0
69,2,"a",1,0,0
69,2,"a",2,8,1
69,2,"a",3,0,0
69,2,"b",0,3,0.428571428571429
69,2,"b",1,4,0.571428571428571
69,2,"b",2,0,0
69,2,"b",3,0,0
69,3,"a",0,4,0.571428571428571
69,3,"a",1,0,0
69,3,"a",2,3,0.428571428571429
69,3,"a",3,0,0
69,3,"b",0,0,0
69,3,"b",1,0,0
69,3,"b",2,5,0.714285714285714
69,3,"b",3,2,0.285714285714286
70,0,"a",0,0,0
70,0,"a",1,0,0
70,0,"a",2,0,0
70,0,"a",3,3,1
70,0,"b",0,0,0
70,0,"b",1,0,0
70,0,"b",2,0,0
70,0,"b",3,2,1
70,1,"a",0,2,0.5
70,1,"a",1,2,0.5
70,1,"a",2,0,0
70,1,"a",3,0,0
70,1,"b",0,0,0
70,1,"b",1,5,0.625
70,1,"b",2,0,0
70,1,"b",3,3,0.375
70,2,"a",0,0,0
70,2,"a",1,0,0
70,2,"a",2,12,1
70,2,"a",3,0,0
70,2,"b",0,2,0.333333333333333
70,2,"b",1,4,0.666666666666667
70,2,"b",2,0,0
70,2,"b",3,0,0
70,3,"a",0,2,0.5
70,3,"a",1,0,0
70,3,"a",2,2,0.5
70,3,"a",3,0,0
70,3,"b",0,0,0
70,3,"b",1,0,0
70,3,"b",2,4,0.666666666666667
70,3,"b",3,2,0.333333333333333
71,0,"a",0,0,0
71,0,"a",1,0,0
71,0,"a",2,0,0
71,0,"a",3,5,1
71,0,"b",0,0,0
71,0,"b",1,0,0
71,0,"b",2,0,0
71,0,"b",3,5,1
71,1,"a",0,3,0.5
71,1,"a",1,3,0.5
71,1,"a",2,0,0
71,1,"a",3,0,0
71,1,"b",0,0,0
71,1,"b",1,1,0.5
71,1,"b",2,0,0
71,1,"b",3,1,0.5
71,2,"a",0,0,0
71,2,"a",1,0,0
71,2,"a",2,6,1
71,2,"a",3,0,0
71,2,"b",0,4,0.5
71,2,"b",1,4,0.5
71,2,"b",2,0,0
71,2,"b",3,0,0
71,3,"a",0,3,0.5
71,3,"a",1,0,0
71,3,"a",2,3,0.5
71,3,"a",3,0,0
71,3,"b",0,0,0
71,3,"b",1,0,0
71,3,"b",2,5,0.714285714285714
71,3,"b",3,2,0.285714285714286
72,0,"a",0,0,0
72,0,"a",1,0,0
72,0,"a",2,0,0
72,0,"a",3,2,1
72,0,"b",0,0,0
72,0,"b",1,0,0
72,0,"b",2,0,0
72,0,"b",3,2,1
72,1,"a",0,1,0.5
72,1,"a",1,1,0.5
72,1,"a",2,0,0
72,1,"a",3,0,0
72,1,"b",0,0,0
72,1,"b",1,5,0.625
72,1,"b",2,0,0
72,1,"b",3,3,0.375
72,2,"a",0,0,0
72,2,"a",1,0,0
72,2,"a",2,16,1
72,2,"a",3,0,0
72,2,"b",0,2,0.333333333333333
72,2,"b",1,4,0.666666666666667
72,2,"b",2,0,0
72,2,"b",3,0,0
72,3,"a",0,1,0.333333333333333
72,3,"a",1,0,0
72,3,"a",2,2,0.666666666666667
72,3,"a",3,0,0
72,3,"b",0,0,0
72,3,"b",1,0,0
72,3,"b",2,4,0.666666666666667
72,3,"b",3,2,0.333333333333333
73,0,"a",0,0,0
73,0,"a",1,0,0
73,0,"a",2,0,0
73,0,"a",3,4,1
73,0,"b",0,0,0
73,0,"b",1,0,0
73,0,"b",2,0,0
73,0,"b",3,2,1
73,1,"a",0,1,0.25
73,1,"a",1,3,0.75
73,1,"a",2,0,0
73,1,"a",3,0,0
73,1,"b",0,0,0
73,1,"b",1,4,0.571428571428571
73,1,"b",2,0,0
73,1,"b",3,3,0.428571428571429
73,2,"a",0,0,0
73,2,"a",1,0,0
73,2,"a",2,8,1
73,2,"a",3,0,0
73,2,"b",0,3,0.428571428571429
73,2,"b",1,4,0.571428571428571
73,2,"b",2,0,0
73,2,"b",3,0,0
73,3,"a",0,2,0.666666666666667
73,3,"a",1,0,0
73,3,"a",2,1,0.333333333333333
73,3,"a",3,0,0
73,3,"b",0,0,0
73,3,"b",1,0,0
73,3,"b",2,6,0.6
73,3,"b",3,4,0.4
74,0,"a",0,0,0
74,0,"a",1,0,0
74,0,"a",2,0,0
74,0,"a",3,2,1
74,0,"b",0,0,0
74,0,"b",1,0,0
74,0,"b",2,0,0
74,0,"b",3,5,1
74,1,"a",0,3,0.428571428571429
74,1,"a",1,4,0.571428571428571
74,1,"a",2,0,0
74,1,"a",3,0,0
74,1,"b",0,0,0
74,1,"b",1,0,0
74,1,"b",2,0,0
74,1,"b",3,1,1
74,2,"a",0,0,0
74,2,"a",1,0,0
74,2,"a",2,11,1
74,2,"a",3,0,0
74,2,"b",0,3,0.428571428571429
74,2,"b",1,4,0.571428571428571
74,2,"b",2,0,0
74,2,"b",3,0,0
74,3,"a",0,1,0.333333333333333
74,3,"a",1,0,0
74,3,"a",2,2,0.666666666666667
74,3,"a",3,0,0
74,3,"b",0,0,0
74,3,"b",1,0,0
74,3,"b",2,5,0.555555555555556
74,3,"b",3,4,0.444444444444444
75,0,"a",0,0,0
75,0,"a",1,0,0
75,0,"a",2,0,0
75,0,"a",3,4,1
75,0,"b",0,0,0
75,0,"b",1,0,0
75,0,"b",2,0,0
75,0,"b",3,4,1
75,1,"a",0,2,0.4
75,1,"a",1,3,0.6
75,1,"a",2,0,0
75,1,"a",3,0,0
75,1,"b",0,0,0
75,1,"b",1,3,0.6
75,1,"b",2,0,0
75,1,"b",3,2,0.4
75,2,"a",0,0,0
75,2,"a",1,0,0
75,2,"a",2,8,1
75,2,"a",3,0,0
75,2,"b",0,3,0.428571428571429
75,2,"b",1,4,0.571428571428571
75,2,"b",2,0,0
75,2,"b",3,0,0
75,3,"a",0,2,0.5
75,3,"a",1,0,0
75,3,"a",2,2,0.5
75,3,"a",3,0,0
75,3,"b",0,0,0
75,3,"b",1,0,0
75,3,"b",2,5,0.625
75,3,"b",3,3,0.375
76,0,"a",0,0,0
76,0,"a",1,0,0
76,0,"a",2,0,0
76,0,"a",3,4,1
76,0,"b",0,0,0
76,0,"b",1,0,0
76,0,"b",2,0,0
76,0,"b",3,3,1
76,1,"a",0,2,0.4
76,1,"a",1,3,0.6
76,1,"a",2,0,0
76,1,"a",3,0,0
76,1,"b",0,0,0
76,1,"b",1,3,0.5
76,1,"b",2,0,0
76,1,"b",3,3,0.5
76,2,"a",0,0,0
76,2,"a",1,0,0
76,2,"a",2,8,1
76,2,"a",3,0,0
76,2,"b",0,2,0.285714285714286
76,2,"b",1,5,0.714285714285714
76,2,"b",2,0,0
76,2,"b",3,0,0
76,3,"a",0,2,0.5
76,3,"a",1,0,0
76,3,"a",2,2,0.5
76,3,"a",3,0,0
76,3,"b",0,0,0
76,3,"b",1,0,0
76,3,"b",2,5,0.625
76,3,"b",3,3,0.375
77,0,"a",0,0,0
77,0,"a",1,0,0
77,0,"a",2,0,0
77,0,"a",3,7,1
77,0,"b",0,0,0
77,0,"b",1,0,0
77,0,"b",2,0,0
77,0,"b",3,1,1
77,1,"a",0,3,0.428571428571429
77,1,"a",1,4,0.571428571428571
77,1,"a",2,0,0
77,1,"a",3,0,0
77,1,"b",0,0,0
77,1,"b",1,1,0.5
77,1,"b",2,0,0
77,1,"b",3,1,0.5
77,2,"a",0,0,0
77,2,"a",1,0,0
77,2,"a",2,11,1
77,2,"a",3,0,0
77,2,"b",0,2,0.333333333333333
77,2,"b",1,4,0.666666666666667
77,2,"b",2,0,0
77,2,"b",3,0,0
77,3,"a",0,2,0.333333333333333
77,3,"a",1,0,0
77,3,"a",2,4,0.666666666666667
77,3,"a",3,0,0
77,3,"b",0,0,0
77,3,"b",1,0,0
77,3,"b",2,3,0.6
77,3,"b",3,2,0.4
78,0,"a",0,0,0
78,0,"a",1,0,0
78,0,"a",2,0,0
78,0,"a",3,4,1
78,0,"b",0,0,0
78,0,"b",1,0,0
78,0,"b",2,0,0
78,0,"b",3,7,1
78,1,"a",0,4,0.444444444444444
78,1,"a",1,5,0.555555555555556
78,1,"a",2,0,0
78,1,"a",3,0,0
78,1,"b",0,0,0
78,1,"b",1,0,0
78,1,"b",2,0,0
78,1,"b",3,0,0
78,2,"a",0,0,0
78,2,"a",1,0,0
78,2,"a",2,4,1
78,2,"a",3,0,0
78,2,"b",0,4,0.5
78,2,"b",1,4,0.5
78,2,"b",2,0,0
78,2,"b",3,0,0
78,3,"a",0,3,0.428571428571429
78,3,"a",1,0,0
78,3,"a",2,4,0.571428571428571
78,3,"a",3,0,0
78,3,"b",0,0,0
78,3,"b",1,0,0
78,3,"b",2,4,0.666666666666667
78,3,"b",3,2,0.333333333333333
79,0,"a",0,0,0
79,0,"a",1,0,0
79,0,"a",2,0,0
79,0,"a",3,3,1
79,0,"b",0,0,0
79,0,"b",1,0,0
79,0,"b",2,0,0
79,0,"b",3,3,1
79,1,"a",0,2,0.5
79,1,"a",1,2,0.5
79,1,"a",2,0,0
79,1,"a",3,0,0
79,1,"b",0,0,0
79,1,"b",1,2,0.5
79,1,"b",2,0,0
79,1,"b",3,2,0.5
79,2,"a",0,0,0
79,2,"a",1,0,0
79,2,"a",2,14,1
79,2,"a",3,0,0
79,2,"b",0,2,0.333333333333333
79,2,"b",1,4,0.666666666666667
79,2,"b",2,0,0
79,2,"b",3,0,0
79,3,"a",0,2,0.5
79,3,"a",1,0,0
79,3,"a",2,2,0.5
79,3,"a",3,0,0
79,3,"b",0,0,0
79,3,"b",1,0,0
79,3,"b",2,4,0.571428571428571
79,3,"b",3,3,0.428571428571429
80,0,"a",0,0,0
80,0,"a",1,0,0
80,0,"a",2,6,1
80,0,"a",3,0,0
80,0,"b",0,0,0
80,0,"b",1,0,0
80,0,"b",2,7,1
80,0,"b",3,0,0
80,1,"a",0,1,1
80,1,"a",1,0,0
80,1,"a",2,0,0
80,1,"a",3,0,0
80,1,"b",0,2,1
80,1,"b",1,0,0
80,1,"b",2,0,0
80,1,"b",3,0,0
80,2,"a",0,7,0.583333333333333
80,2,"a",1,0,0
80,2,"a",2,0,0
80,2,"a",3,5,0.416666666666667
80,2,"b",0,0,0
80,2,"b",1,0,0
80,2,"b",2,7,1
80,2,"b",3,0,0
80,3,"a",0,2,0.4
80,3,"a",1,3,0.6
80,3,"a",2,0,0
80,3,"a",3,0,0
80,3,"b",0,0,0
80,3,"b",1,0,0
80,3,"b",2,0,0
80,3,"b",3,5,1
81,0,"a",0,0,0
81,0,"a",1,0,0
81,0,"a",2,9,1
81,0,"a",3,0,0
81,0,"b",0,0,0
81,0,"b",1,0,0
81,0,"b",2,3,1
81,0,"b",3,0,0
81,1,"a",0,2,1
81,1,"a",1,0,0
81,1,"a",2,0,0
81,1,"a",3,0,0
81,1,"b",0,2,1
81,1,"b",1,0,0
81,1,"b",2,0,0
81,1,"b",3,0,0
81,2,"a",0,6,0.545454545454545
81,2,"a",1,0,0
81,2,"a",2,0,0
81,2,"a",3,5,0.454545454545455
81,2,"b",0,0,0
81,2,"b",1,0,0
81,2,"b",2,10,1
81,2,"b",3,0,0
81,3,"a",0,2,0.4
81,3,"a",1,3,0.6
81,3,"a",2,0,0
81,3,"a",3,0,0
81,3,"b",0,0,0
81,3,"b",1,0,0
81,3,"b",2,0,0
81,3,"b",3,3,1
82,0,"a",0,0,0
82,0,"a",2,1,1
82,0,"a",3,0,0
82,0,"b",0,0,0
82,0,"b",2,4,1
82,0,"b",3,0,0
82,1,"a",0,0,0
82,1,"a",2,0,0
82,1,"a",3,0,0
82,1,"b",0,1,1
82,1,"b",2,0,0
82,1,"b",3,0,0
82,2,"a",0,3,0.6
82,2,"a",2,0,0
82,2,"a",3,2,0.4
82,2,"b",0,0,0
82,2,"b",2,0,0
82,2,"b",3,0,0
82,3,"a",0,1,1
82,3,"a",2,0,0
82,3,"a",3,0,0
82,3,"b",0,0,0
82,3,"b",2,0,0
82,3,"b",3,33,1
83,0,"a",0,0,0
83,0,"a",1,0,0
83,0,"a",2,7,1
83,0,"a",3,0,0
83,0,"b",0,0,0
83,0,"b",1,0,0
83,0,"b",2,3,1
83,0,"b",3,0,0
83,1,"a",0,1,1
83,1,"a",1,0,0
83,1,"a",2,0,0
83,1,"a",3,0,0
83,1,"b",0,2,1
83,1,"b",1,0,0
83,1,"b",2,0,0
83,1,"b",3,0,0
83,2,"a",0,6,0.666666666666667
83,2,"a",1,0,0
83,2,"a",2,0,0
83,2,"a",3,3,0.333333333333333
83,2,"b",0,0,0
83,2,"b",1,0,0
83,2,"b",2,13,1
83,2,"b",3,0,0
83,3,"a",0,1,0.25
83,3,"a",1,3,0.75
83,3,"a",2,0,0
83,3,"a",3,0,0
83,3,"b",0,0,0
83,3,"b",1,0,0
83,3,"b",2,0,0
83,3,"b",3,6,1
84,0,"a",0,0,0
84,0,"a",1,0,0
84,0,"a",2,7,1
84,0,"a",3,0,0
84,0,"b",0,0,0
84,0,"b",1,0,0
84,0,"b",2,7,1
84,0,"b",3,0,0
84,1,"a",0,1,1
84,1,"a",1,0,0
84,1,"a",2,0,0
84,1,"a",3,0,0
84,1,"b",0,2,1
84,1,"b",1,0,0
84,1,"b",2,0,0
84,1,"b",3,0,0
84,2,"a",0,8,0.571428571428571
84,2,"a",1,0,0
84,2,"a",2,0,0
84,2,"a",3,6,0.428571428571429
84,2,"b",0,0,0
84,2,"b",1,0,0
84,2,"b",2,4,1
84,2,"b",3,0,0
84,3,"a",0,3,0.5
84,3,"a",1,3,0.5
84,3,"a",2,0,0
84,3,"a",3,0,0
84,3,"b",0,0,0
84,3,"b",1,0,0
84,3,"b",2,0,0
84,3,"b",3,4,1
85,0,"a",0,0,0
85,0,"a",1,0,0
85,0,"a",2,7,1
85,0,"a",3,0,0
85,0,"b",0,0,0
85,0,"b",1,0,0
85,0,"b",2,3,1
85,0,"b",3,0,0
85,1,"a",0,2,1
85,1,"a",1,0,0
85,1,"a",2,0,0
85,1,"a",3,0,0
85,1,"b",0,0,0
85,1,"b",1,0,0
85,1,"b",2,0,0
85,1,"b",3,0,0
85,2,"a",0,6,0.6
85,2,"a",1,0,0
85,2,"a",2,0,0
85,2,"a",3,4,0.4
85,2,"b",0,0,0
85,2,"b",1,0,0
85,2,"b",2,12,1
85,2,"b",3,0,0
85,3,"a",0,2,0.5
85,3,"a",1,2,0.5
85,3,"a",2,0,0
85,3,"a",3,0,0
85,3,"b",0,0,0
85,3,"b",1,0,0
85,3,"b",2,0,0
85,3,"b",3,7,1
86,0,"a",0,0,0
86,0,"a",1,0,0
86,0,"a",2,6,1
86,0,"a",3,0,0
86,0,"b",0,0,0
86,0,"b",1,0,0
86,0,"b",2,6,1
86,0,"b",3,0,0
86,1,"a",0,2,1
86,1,"a",1,0,0
86,1,"a",2,0,0
86,1,"a",3,0,0
86,1,"b",0,2,1
86,1,"b",1,0,0
86,1,"b",2,0,0
86,1,"b",3,0,0
86,2,"a",0,7,0.583333333333333
86,2,"a",1,0,0
86,2,"a",2,0,0
86,2,"a",3,5,0.416666666666667
86,2,"b",0,0,0
86,2,"b",1,0,0
86,2,"b",2,8,1
86,2,"b",3,0,0
86,3,"a",0,2,0.4
86,3,"a",1,3,0.6
86,3,"a",2,0,0
86,3,"a",3,0,0
86,3,"b",0,0,0
86,3,"b",1,0,0
86,3,"b",2,0,0
86,3,"b",3,4,1
87,0,"a",0,0,0
87,0,"a",1,0,0
87,0,"a",2,7,1
87,0,"a",3,0,0
87,0,"b",0,0,0
87,0,"b",1,0,0
87,0,"b",2,4,1
87,0,"b",3,0,0
87,1,"a",0,2,1
87,1,"a",1,0,0
87,1,"a",2,0,0
87,1,"a",3,0,0
87,1,"b",0,2,1
87,1,"b",1,0,0
87,1,"b",2,0,0
87,1,"b",3,0,0
87,2,"a",0,6,0.6
87,2,"a",1,0,0
87,2,"a",2,0,0
87,2,"a",3,4,0.4
87,2,"b",0,0,0
87,2,"b",1,0,0
87,2,"b",2,12,1
87,2,"b",3,0,0
87,3,"a",0,1,0.25
87,3,"a",1,3,0.75
87,3,"a",2,0,0
87,3,"a",3,0,0
87,3,"b",0,0,0
87,3,"b",1,0,0
87,3,"b",2,0,0
87,3,"b",3,4,1
88,0,"a",0,0,0
88,0,"a",1,0,0
88,0,"a",2,8,1
88,0,"a",3,0,0
88,0,"b",0,0,0
88,0,"b",1,0,0
88,0,"b",2,5,1
88,0,"b",3,0,0
88,1,"a",0,2,1
88,1,"a",1,0,0
88,1,"a",2,0,0
88,1,"a",3,0,0
88,1,"b",0,1,1
88,1,"b",1,0,0
88,1,"b",2,0,0
88,1,"b",3,0,0
88,2,"a",0,8,0.615384615384615
88,2,"a",1,0,0
88,2,"a",2,0,0
88,2,"a",3,5,0.384615384615385
88,2,"b",0,0,0
88,2,"b",1,0,0
88,2,"b",2,6,1
88,2,"b",3,0,0
88,3,"a",0,2,0.333333333333333
88,3,"a",1,4,0.666666666666667
88,3,"a",2,0,0
88,3,"a",3,0,0
88,3,"b",0,0,0
88,3,"b",1,0,0
88,3,"b",2,0,0
88,3,"b",3,4,1
89,0,"a",0,0,0
89,0,"a",1,0,0
89,0,"a",2,5,1
89,0,"a",3,0,0
89,0,"b",0,0,0
89,0,"b",1,0,0
89,0,"b",2,8,1
89,0,"b",3,0,0
89,1,"a",0,1,1
89,1,"a",1,0,0
89,1,"a",2,0,0
89,1,"a",3,0,0
89,1,"b",0,3,1
89,1,"b",1,0,0
89,1,"b",2,0,0
89,1,"b",3,0,0
89,2,"a",0,7,0.538461538461538
89,2,"a",1,0,0
89,2,"a",2,0,0
89,2,"a",3,6,0.461538461538462
89,2,"b",0,0,0
89,2,"b",1,0,0
89,2,"b",2,3,1
89,2,"b",3,0,0
89,3,"a",0,2,0.333333333333333
89,3,"a",1,4,0.666666666666667
89,3,"a",2,0,0
89,3,"a",3,0,0
89,3,"b",0,0,0
89,3,"b",1,0,0
89,3,"b",2,0,0
89,3,"b",3,6,1
90,0,"a",0,0,0
90,0,"a",1,0,0
90,0,"a",2,7,1
90,0,"a",3,0,0
90,0,"b",0,0,0
90,0,"b",1,0,0
90,0,"b",2,4,1
90,0,"b",3,0,0
90,1,"a",0,3,1
90,1,"a",1,0,0
90,1,"a",2,0,0
90,1,"a",3,0,0
90,1,"b",0,0,0
90,1,"b",1,0,0
90,1,"b",2,0,0
90,1,"b",3,0,0
90,2,"a",0,6,0.6
90,2,"a",1,0,0
90,2,"a",2,0,0
90,2,"a",3,4,0.4
90,2,"b",0,0,0
90,2,"b",1,0,0
90,2,"b",2,17,1
90,2,"b",3,0,0
90,3,"a",0,1,0.25
90,3,"a",1,3,0.75
90,3,"a",2,0,0
90,3,"a",3,0,0
90,3,"b",0,0,0
90,3,"b",1,0,0
90,3,"b",2,0,0
90,3,"b",3,0,0
91,0,"a",0,0,0
91,0,"a",2,1,1
91,0,"a",3,0,0
91,0,"b",0,0,0
91,0,"b",2,1,1
91,0,"b",3,0,0
91,1,"a",0,0,0
91,1,"a",2,0,0
91,1,"a",3,0,0
91,1,"b",0,1,1
91,1,"b",2,0,0
91,1,"b",3,0,0
91,2,"a",0,1,0.5
91,2,"a",2,0,0
91,2,"a",3,1,0.5
91,2,"b",0,0,0
91,2,"b",2,3,1
91,2,"b",3,0,0
91,3,"a",0,0,0
91,3,"a",2,0,0
91,3,"a",3,0,0
91,3,"b",0,0,0
91,3,"b",2,0,0
91,3,"b",3,37,1
92,0,"a",0,0,0
92,0,"a",1,0,0
92,0,"a",2,5,1
92,0,"a",3,0,0
92,0,"b",0,0,0
92,0,"b",1,0,0
92,0,"b",2,6,1
92,0,"b",3,0,0
92,1,"a",0,4,1
92,1,"a",1,0,0
92,1,"a",2,0,0
92,1,"a",3,0,0
92,1,"b",0,0,0
92,1,"b",1,0,0
92,1,"b",2,0,0
92,1,"b",3,0,0
92,2,"a",0,6,0.6
92,2,"a",1,0,0
92,2,"a",2,0,0
92,2,"a",3,4,0.4
92,2,"b",0,0,0
92,2,"b",1,0,0
92,2,"b",2,16,1
92,2,"b",3,0,0
92,3,"a",0,1,0.25
92,3,"a",1,3,0.75
92,3,"a",2,0,0
92,3,"a",3,0,0
92,3,"b",0,0,0
92,3,"b",1,0,0
92,3,"b",2,0,0
92,3,"b",3,0,0
93,0,"a",0,0,0
93,0,"a",1,0,0
93,0,"a",2,9,1
93,0,"a",3,0,0
93,0,"b",0,0,0
93,0,"b",1,0,0
93,0,"b",2,4,1
93,0,"b",3,0,0
93,1,"a",0,2,1
93,1,"a",1,0,0
93,1,"a",2,0,0
93,1,"a",3,0,0
93,1,"b",0,2,1
93,1,"b",1,0,0
93,1,"b",2,0,0
93,1,"b",3,0,0
93,2,"a",0,7,0.583333333333333
93,2,"a",1,0,0
93,2,"a",2,0,0
93,2,"a",3,5,0.416666666666667
93,2,"b",0,0,0
93,2,"b",1,0,0
93,2,"b",2,4,1
93,2,"b",3,0,0
93,3,"a",0,2,0.333333333333333
93,3,"a",1,4,0.666666666666667
93,3,"a",2,0,0
93,3,"a",3,0,0
93,3,"b",0,0,0
93,3,"b",1,0,0
93,3,"b",2,0,0
93,3,"b",3,6,1
94,0,"a",0,0,0
94,0,"a",1,0,0
94,0,"a",2,8,1
94,0,"a",3,0,0
94,0,"b",0,0,0
94,0,"b",1,0,0
94,0,"b",2,3,1
94,0,"b",3,0,0
94,1,"a",0,2,1
94,1,"a",1,0,0
94,1,"a",2,0,0
94,1,"a",3,0,0
94,1,"b",0,2,1
94,1,"b",1,0,0
94,1,"b",2,0,0
94,1,"b",3,0,0
94,2,"a",0,6,0.545454545454545
94,2,"a",1,0,0
94,2,"a",2,0,0
94,2,"a",3,5,0.454545454545455
94,2,"b",0,0,0
94,2,"b",1,0,0
94,2,"b",2,13,1
94,2,"b",3,0,0
94,3,"a",0,1,0.25
94,3,"a",1,3,0.75
94,3,"a",2,0,0
94,3,"a",3,0,0
94,3,"b",0,0,0
94,3,"b",1,0,0
94,3,"b",2,0,0
94,3,"b",3,2,1
95,0,"a",0,0,0
95,0,"a",1,0,0
95,0,"a",2,9,1
95,0,"a",3,0,0
95,0,"b",0,0,0
95,0,"b",1,0,0
95,0,"b",2,1,1
95,0,"b",3,0,0
95,1,"a",0,3,1
95,1,"a",1,0,0
95,1,"a",2,0,0
95,1,"a",3,0,0
95,1,"b",0,0,0
95,1,"b",1,0,0
95,1,"b",2,0,0
95,1,"b",3,0,0
95,2,"a",0,6,0.6
95,2,"a",1,0,0
95,2,"a",2,0,0
95,2,"a",3,4,0.4
95,2,"b",0,0,0
95,2,"b",1,0,0
95,2,"b",2,7,1
95,2,"b",3,0,0
95,3,"a",0,2,0.4
95,3,"a",1,3,0.6
95,3,"a",2,0,0
95,3,"a",3,0,0
95,3,"b",0,0,0
95,3,"b",1,0,0
95,3,"b",2,0,0
95,3,"b",3,10,1
96,0,"a",0,0,0
96,0,"a",1,0,0
96,0,"a",2,9,1
96,0,"a",3,0,0
96,0,"b",0,0,0
96,0,"b",1,0,0
96,0,"b",2,4,1
96,0,"b",3,0,0
96,1,"a",0,4,1
96,1,"a",1,0,0
96,1,"a",2,0,0
96,1,"a",3,0,0
96,1,"b",0,0,0
96,1,"b",1,0,0
96,1,"b",2,0,0
96,1,"b",3,0,0
96,2,"a",0,7,0.583333333333333
96,2,"a",1,0,0
96,2,"a",2,0,0
96,2,"a",3,5,0.416666666666667
96,2,"b",0,0,0
96,2,"b",1,0,0
96,2,"b",2,11,1
96,2,"b",3,0,0
96,3,"a",0,2,0.4
96,3,"a",1,3,0.6
96,3,"a",2,0,0
96,3,"a",3,0,0
96,3,"b",0,0,0
96,3,"b",1,0,0
96,3,"b",2,0,0
96,3,"b",3,0,0
97,0,"a",0,0,0
97,0,"a",1,0,0
97,0,"a",2,0,0
97,0,"a",3,1,1
97,0,"b",0,0,0
97,0,"b",1,0,0
97,0,"b",2,0,0
97,0,"b",3,4,1
97,1,"a",0,2,0.333333333333333
97,1,"a",1,4,0.666666666666667
97,1,"a",2,0,0
97,1,"a",3,0,0
97,1,"b",0,0,0
97,1,"b",1,4,0.571428571428571
97,1,"b",2,0,0
97,1,"b",3,3,0.428571428571429
97,2,"a",0,0,0
97,2,"a",1,0,0
97,2,"a",2,7,1
97,2,"a",3,0,0
97,2,"b",0,3,0.375
97,2,"b",1,5,0.625
97,2,"b",2,0,0
97,2,"b",3,0,0
97,3,"a",0,1,0.25
97,3,"a",1,0,0
97,3,"a",2,3,0.75
97,3,"a",3,0,0
97,3,"b",0,0,0
97,3,"b",1,0,0
97,3,"b",2,4,0.5
97,3,"b",3,4,0.5
